id_player,player,full_name
va08,A. Vavassori,A. Vavassori
t0k4,Aadarsh Tripathi,Aadarsh Tripathi
f0hu,Aaron Funk,Aaron Funk
g0m3,Aaron Gil Garcia,Aaron Gil Garcia
w0dz,Aaron James Williams,Aaron James Williams
u0ao,Abdulaziz Usmonjonov,Abdulaziz Usmonjonov
s0nv,Abdullah Shelbayh,Abdullah Shelbayh
f0gs,Abel Forger,Abel Forger
sy73,Abhinav Sanjeev Shanmugam,Abhinav Sanjeev Shanmugam
b0vq,Achilles Belkovics,Achilles Belkovics
f0h7,Adam Farag Cao,Adam Farag Cao
s0wu,Adam Gabor Szoke,Adam Gabor Szoke
h0d1,Adam Heinonen,Adam Heinonen
j0ei,Adam Jilly,Adam Jilly
l0ly,Adam Lynch,Adam Lynch
m0rn,Adam Majchrzak,Adam Majchrzak
w09e,Adam Walton,Adam Walton
f0bj,Adan Freire Da Silva,Adan Freire Da Silva
g0mi,Adhithya Ganesan,Adhithya Ganesan
k0ab,Adil Kalyanpur,Adil Kalyanpur
s0rd,Adit Sinha,Adit Sinha
v0gi,Aditya Vishal Balsekar,Aditya Vishal Balsekar
k0c5,Admir Kalender,Admir Kalender
v0dp,Adolfo Daniel Vallejo,Adolfo Daniel Vallejo
s0bt,Adria Soriano Barrera,Adria Soriano Barrera
v0ki,Adria Velazquez Farre,Adria Velazquez Farre
a0ab,Adrian Andreev,Adrian Andreev
a0in,Adrian Arcon,Adrian Arcon
b0c0,Adrian Boitan,Adrian Boitan
me82,Adrian Mannarino,Adrian Mannarino
o656,Adrian Oetzbach,Adrian Oetzbach
b0ln,Adrien Burdet,Adrien Burdet
g0i2,Adrien Gobat,Adrien Gobat
r0mr,Agassi Rusher,Agassi Rusher
s1c5,Agustín Salazar Salazar,Agustín Salazar Salazar
z0cc,Ahmed Zaki,Ahmed Zaki
k0hz,Aidan Kim,Aidan Kim
m0nb,Aidan Mayo,Aidan Mayo
m0cw,Aidan McHugh,Aidan McHugh
s0hz,Ainius Sabaliauskas,Ainius Sabaliauskas
m0ox,Ajay Malik,Ajay Malik
r0dc,Ajeet Rai,Ajeet Rai
sq80,Akira Santillan,Akira Santillan
t0jo,Alaa Trifi,Alaa Trifi
a09p,Alafia Ayeni,Alafia Ayeni
b0jf,Alan Bojarski,Alan Bojarski
rh88,Alan Fernando Rubio Fierros,Alan Fernando Rubio Fierros
m0hd,Alan Magadan,Alan Magadan
s0bb,Alan Raul Sau Franco,Alan Raul Sau Franco
w0f8,Alan Wazny,Alan Wazny
g0ao,Alastair Gray,Alastair Gray
p0mn,Albert Pedrico Kravtsov,Albert Pedrico Kravtsov
r772,Albert Ramos-Vinolas,Albert Ramos-Vinolas
bu36,Alberto Barroso Campos,Alberto Barroso Campos
b0g9,Alberto Bronzetti,Alberto Bronzetti
l0a0,Alberto Lim,Alberto Lim
a0fr,Alberto Odiseo Alvarado Berrospi,Alberto Odiseo Alvarado Berrospi
sf41,Aldin Setkic,Aldin Setkic
b0iy,Alec Beckley,Alec Beckley
d0d2,Alec Deckers,Alec Deckers
dh50,Alejandro Davidovich Fokina,Alejandro Davidovich Fokina
g0bj,Alejandro Garcia Carbajal,Alejandro Garcia Carbajal
j0e9,Alejandro Jacome Jaramillo,Alejandro Jacome Jaramillo
j0dg,Alejandro Juan Mano,Alejandro Juan Mano
l0gb,Alejandro Lopez Escribano,Alejandro Lopez Escribano
m0l2,Alejandro Manzanera Pertusa,Alejandro Manzanera Pertusa
m0tu,Alejandro Melero Kretzer,Alejandro Melero Kretzer
m0t6,Alejandro Moreno,Alejandro Moreno
m0ht,Alejandro Moro Canas,Alejandro Moro Canas
te30,Alejandro Tabilo,Alejandro Tabilo
t0fh,Alejandro Turriziani Alvarez,Alejandro Turriziani Alvarez
l0dm,Alejo Lorenzo Lingua Lavallen,Alejo Lorenzo Lingua Lavallen
s0xe,Alejo Sanchez Quilez,Alejo Sanchez Quilez
c0fj,Aleksa Ciric,Aleksa Ciric
p0im,Aleksa Pisaric,Aleksa Pisaric
k0az,Aleksandar Kovacevic,Aleksandar Kovacevic
m0ng,Aleksandar Mihailovic,Aleksandar Mihailovic
v832,Aleksandar Vukic,Aleksandar Vukic
c0ni,Aleksander Chayka,Aleksander Chayka
o0c8,Aleksander Orlikowski,Aleksander Orlikowski
b0bk,Aleksandr Braynin,Aleksandr Braynin
l0g3,Aleksandr Lobanov,Aleksandr Lobanov
bp74,Aleksandre Bakshi,Aleksandre Bakshi
l0dg,Aleksi Lofman,Aleksi Lofman
m0i5,Alen Mujakic,Alen Mujakic
b0tf,Alessandro Battiston,Alessandro Battiston
b0m9,Alessandro Bellifemine,Alessandro Bellifemine
c0l9,Alessandro Coccioli,Alessandro Coccioli
p0fy,Alessandro Pecci,Alessandro Pecci
s0jy,Alessandro Spadola,Alessandro Spadola
b0qb,Alessio Basile,Alessio Basile
v0ev,Alessio Vasquez,Alessio Vasquez
b0gy,Alex Barrena,Alex Barrena
bi81,Alex Bolt,Alex Bolt
c0q6,Alex Chang,Alex Chang
f0ht,Alex Finkelstein,Alex Finkelstein
h0cd,Alex Hernandez,Alex Hernandez
j0b1,Alex Jones,Alex Jones
kj00,Alex Knaff,Alex Knaff
k0bg,Alex Kobelt,Alex Kobelt
k0kk,Alex Kuperstein,Alex Kuperstein
m0ey,Alex Marti Pujolras,Alex Marti Pujolras
m0gb,Alex Martinez,Alex Martinez
m0qi,Alex Michelsen,Alex Michelsen
mv14,Alex Molcan,Alex Molcan
rg42,Alex Rybakov,Alex Rybakov
n0ft,Alex Santino Nuñez Vera,Alex Santino Nuñez Vera
dh58,Alex de Minaur,Alex de Minaur
b0i0,Alexander Bernard,Alexander Bernard
b0gi,Alexander Binda,Alexander Binda
b0pg,Alexander Blockx,Alexander Blockx
bk92,Alexander Bublik,Alexander Bublik
dh46,Alexander Donski,Alexander Donski
f0g5,Alexander Frusina,Alexander Frusina
g0pd,Alexander Glomb,Alexander Glomb
g0qw,Alexander Gschiel,Alexander Gschiel
o0eq,Alexander Ikenna Okonkwo,Alexander Ikenna Okonkwo
kg53,Alexander Klintcharov,Alexander Klintcharov
k0el,Alexander Kotzen,Alexander Kotzen
k0mq,Alexander Krylov,Alexander Krylov
p0j3,Alexander Petrov,Alexander Petrov
r0ku,Alexander Razeghi,Alexander Razeghi
rc04,Alexander Ritschard,Alexander Ritschard
r0kk,Alexander Rozin,Alexander Rozin
s0h2,Alexander Shevchenko,Alexander Shevchenko
u0an,Alexander Ushakov,Alexander Ushakov
v0gr,Alexander Vasilev,Alexander Vasilev
v0f2,Alexander Vikhlyantsev,Alexander Vikhlyantsev
w0f2,Alexander Wagner,Alexander Wagner
wb19,Alexander Weis,Alexander Weis
z09b,Alexander Zgirovsky,Alexander Zgirovsky
z355,Alexander Zverev,Alexander Zverev
a0eu,Alexandre Aubriot,Alexandre Aubriot
mp20,Alexandre Muller,Alexandre Muller
r09t,Alexandre Reco,Alexandre Reco
h0kv,Alexandru Toubi Hebhang Balan,Alexandru Toubi Hebhang Balan
p09z,Alexei Popyrin,Alexei Popyrin
a0av,Alexey Aleshchev,Alexey Aleshchev
v717,Alexey Vatutin,Alexey Vatutin
z0ab,Alexey Zakharov,Alexey Zakharov
b0ur,Alexis Berquier,Alexis Berquier
cn64,Alexis Canter,Alexis Canter
gk06,Alexis Galarneau,Alexis Galarneau
gj05,Alexis Gautier,Alexis Gautier
g0c4,Alexis Gurmendi,Alexis Gurmendi
a0jk,Alfred Almasi,Alfred Almasi
pl39,Alfredo Perez,Alfredo Perez
h0gc,Ali Habib,Ali Habib
m0xi,Ali Missoum,Ali Missoum
y0bb,Ali Yazdani,Ali Yazdani
l09d,Aliaksandr Liaonenka,Aliaksandr Liaonenka
k0e6,Alibek Kachmazov,Alibek Kachmazov
j0dn,Aljaz Jeran,Aljaz Jeran
hb18,Alp Horoz,Alp Horoz
b0u5,Alvaro Bueno Gil,Alvaro Bueno Gil
g0dh,Alvaro Guillen Meza,Alvaro Guillen Meza
j0fa,Alvaro Jimenez,Alvaro Jimenez
p0ld,Alvaro Peiro Serrano,Alvaro Peiro Serrano
t0iz,Alvin Nicholas Tudorica,Alvin Nicholas Tudorica
s0ky,Amador Salazar,Amador Salazar
r0gn,Amaury Raynel,Amaury Raynel
j0dm,Amine Jamji,Amine Jamji
m0u1,Amir Milushev,Amir Milushev
o0e7,Amir Omarkhanov,Amir Omarkhanov
n0fb,Amirkhamza Nasridinov,Amirkhamza Nasridinov
v0g2,Amit Vales,Amit Vales
ag30,Ammar Alhogbani,Ammar Alhogbani
e0ay,Ammar Elamin,Ammar Elamin
a0g8,Amr Elsayed,Amr Elsayed
b0uy,Anas Bennour Dit Sahli,Anas Bennour Dit Sahli
m0wl,Anas Mazdrashki,Anas Mazdrashki
i0b0,Andre Ilagan,Andre Ilagan
s1cw,Andre Souza,Andre Souza
b0q9,Andrea Bacaloni,Andrea Bacaloni
cc66,Andrea Collarini,Andrea Collarini
c0pg,Andrea Colombo,Andrea Colombo
d0jz,Andrea De Marchi,Andrea De Marchi
f0c2,Andrea Fiorentini,Andrea Fiorentini
g0a0,Andrea Guerrieri,Andrea Guerrieri
m0ri,Andrea M'Chich,Andrea M'Chich
m0nx,Andrea Meduri,Andrea Meduri
m0ys,Andrea Motta,Andrea Motta
p0l6,Andrea Paolini,Andrea Paolini
ph64,Andrea Pellegrino,Andrea Pellegrino
p0dr,Andrea Picchione,Andrea Picchione
va08,Andrea Vavassori,Andrea Vavassori
m0zo,Andreas Messis,Andreas Messis
t0i0,Andreas Timini,Andreas Timini
g0oc,Andrei Corneliu Gadoiu,Andrei Corneliu Gadoiu
k0ok,Andrei Kunitsyn,Andrei Kunitsyn
l0kc,Andrej Loncarevic,Andrej Loncarevic
mf35,Andrej Martin,Andrej Martin
n0db,Andrej Nedic,Andrej Nedic
p0ep,Andreja Petrovic,Andreja Petrovic
ag08,Andres Andrade,Andres Andrade
d0mf,Andres Delgadillo,Andres Delgadillo
fc00,Andres Fernandez Canovas,Andres Fernandez Canovas
cn39,Andres Gabriel Ciurletti,Andres Gabriel Ciurletti
m0np,Andres Martin,Andres Martin
s0y0,Andres Santamarta Roig,Andres Santamarta Roig
u09z,Andres Urquiola Montellano,Andres Urquiola Montellano
d0mb,Andrew Delgado,Andrew Delgado
f0ck,Andrew Fenty,Andrew Fenty
j0fu,Andrew Johnson,Andrew Johnson
p0ev,Andrew Paulson,Andrew Paulson
co01,Andrey Chepelev,Andrey Chepelev
re44,Andrey Rublev,Andrey Rublev
c0kn,Andrin Casanova,Andrin Casanova
n0gf,Andy Nguyen,Andy Nguyen
l0mg,Anes Latifovic,Anes Latifovic
g0gk,Anthony Genov,Anthony Genov
sy76,Anthony Susanto,Anthony Susanto
w0ec,Anthony Wright,Anthony Wright
b0h9,Antoine Berger,Antoine Berger
e768,Antoine Escoffier,Antoine Escoffier
g0iw,Antoine Ghibaudo,Antoine Ghibaudo
v0cg,Antoine Vincent,Antoine Vincent
a0o2,Anton Arzhankin,Anton Arzhankin
cc79,Anton Chekhov,Anton Chekhov
m0fa,Anton Matusevich,Anton Matusevich
s0nt,Anton Shepp,Anton Shepp
f0gf,Antoni Fabre,Antoni Fabre
w0fu,Antonin Witz,Antonin Witz
c0hh,Antonio Caruso,Antonio Caruso
v0h8,Antonio Voljavec,Antonio Voljavec
w741,Aoran Wang,Aoran Wang
a0dv,Arda Azkara,Arda Azkara
b0x0,Arian Barbic,Arian Barbic
s0rl,Aristarkh Safonov,Aristarkh Safonov
t0ei,Aristotelis Thanos,Aristotelis Thanos
m0ce,Arjun Mehrotra,Arjun Mehrotra
r0mv,Arjun Rathi,Arjun Rathi
h0c9,Arklon Huertas Del Pino Cordova,Arklon Huertas Del Pino Cordova
p0nh,Arnav Vijay Paparkar,Arnav Vijay Paparkar
m0zy,Aron Janos Major,Aron Janos Major
b0x3,Artem Bogomolov,Artem Bogomolov
b0vy,Arthur Bellegy,Arthur Bellegy
b0ls,Arthur Bonnaud,Arthur Bonnaud
b0er,Arthur Bouquier,Arthur Bouquier
c0h0,Arthur Cazaux,Arthur Cazaux
f0dm,Arthur Fery,Arthur Fery
f0f1,Arthur Fils,Arthur Fils
g0ix,Arthur Gea,Arthur Gea
l0kj,Arthur Laborde,Arthur Laborde
n0eg,Arthur Nagel,Arthur Nagel
rh50,Arthur Reymond,Arthur Reymond
rc91,Arthur Rinderknech,Arthur Rinderknech
w0a4,Arthur Weber,Arthur Weber
a0n4,Artur Aiukhanov,Artur Aiukhanov
k0hu,Artur Kukasian,Artur Kukasian
z0dx,Arturs Zagars,Arturs Zagars
n0af,Arvid Nordquist,Arvid Nordquist
l0js,Aryan Lakshmanan,Aryan Lakshmanan
s0w8,Aryan Shah,Aryan Shah
h0i9,Asahi Harazaki,Asahi Harazaki
m0z0,Ashton Mcleod,Ashton Mcleod
kc56,Aslan Karatsev,Aslan Karatsev
s0lv,Atharva Sharma,Atharva Sharma
b0mp,Attila Boros,Attila Boros
h09n,August Holmgren,August Holmgren
l0of,Augusto Mateo Lucarelli,Augusto Mateo Lucarelli
g0ff,Axel Garcian,Axel Garcian
n0ba,Axel Nefve,Axel Nefve
df88,Aziz Dougaz,Aziz Dougaz
o09a,Aziz Ouakaa,Aziz Ouakaa
v0fk,Azuma Visaya,Azuma Visaya
a0c4,Bader Alabdullah,Bader Alabdullah
w0fl,Baltazar Wiger Nordas,Baltazar Wiger Nordas
y09l,Bang Shuo Yin,Bang Shuo Yin
f0b4,Barney Fitzpatrick,Barney Fitzpatrick
b0yx,Bastian Berenz,Bastian Berenz
mm24,Bastian Malla,Bastian Malla
sp02,Batyr Sapaev,Batyr Sapaev
d0m3,Bautista De La Pena,Bautista De La Pena
v0dx,Bautista Vilicich,Bautista Vilicich
z09z,Beibit Zhukayev,Beibit Zhukayev
a0e6,Bekkhan Atlangeriev,Bekkhan Atlangeriev
j732,Ben Jones,Ben Jones
s0s1,Ben Shelton,Ben Shelton
r0n4,Bengt Johan Reinhard,Bengt Johan Reinhard
s0r2,Benito Sanchez Martinez,Benito Sanchez Martinez
bm95,Benjamin Bonzi,Benjamin Bonzi
c0qv,Benjamin Chelía,Benjamin Chelía
g0nl,Benjamin Gusic - Wan,Benjamin Gusic - Wan
hh01,Benjamin Hannestad,Benjamin Hannestad
hg94,Benjamin Hassan,Benjamin Hassan
m0sa,Benjamin Martin,Benjamin Martin
o0a6,Benjamin O'Connell,Benjamin O'Connell
p0pj,Benjamin Perez,Benjamin Perez
p09s,Benjamin Pietri,Benjamin Pietri
g0mh,Benjamin Thomas George,Benjamin Thomas George
t0h5,Benjamin Torrealba,Benjamin Torrealba
t0fn,Benjamin Torres,Benjamin Torres
v0h9,Benjamin Vitter,Benjamin Vitter
w0fh,Benjamin Willwerth,Benjamin Willwerth
w09x,Benjamin Winter Lopez,Benjamin Winter Lopez
pd31,Benoit Paire,Benoit Paire
t0jf,Benoit Torcq,Benoit Torcq
z419,Bernabe Zapata Miralles,Bernabe Zapata Miralles
ta46,Bernard Tomic,Bernard Tomic
m0pf,Bernardo Munk Mesa,Bernardo Munk Mesa
k0bi,Bharath Nishok Kumaran,Bharath Nishok Kumaran
c0ry,Bill Chan,Bill Chan
b0oi,Billy Blaydes,Billy Blaydes
hd68,Billy Harris,Billy Harris
s1bv,Billy Suarez,Billy Suarez
d0kj,Birtan Duran,Birtan Duran
s0tu,Bjorn Swenson,Bjorn Swenson
b0i5,Blaise Bicknell,Blaise Bicknell
ea27,Blake Ellis,Blake Ellis
mm79,Blake Mott,Blake Mott
b0if,Blu Baker,Blu Baker
bm05,Bogdan Bobrov,Bogdan Bobrov
pl80,Bogdan Pavel,Bogdan Pavel
s0te,Bogdan Seleznev,Bogdan Seleznev
a0i1,Bor Artnak,Bor Artnak
s0fs,Bora Sengul,Bora Sengul
aa49,Boris Arias,Boris Arias
bv08,Boris Butulija,Boris Butulija
cg80,Borna Coric,Borna Coric
gh92,Borna Gojo,Borna Gojo
v812,Botic van de Zandschulp,Botic van de Zandschulp
k0i9,Botond Kisantal,Botond Kisantal
n0fo,Botond Nagy,Botond Nagy
s0s5,Braden Shick,Braden Shick
h09p,Brandon Holt,Brandon Holt
n0ae,Brandon Nakashima,Brandon Nakashima
p0d4,Brandon Perez,Brandon Perez
w738,Brandon Walkin,Brandon Walkin
d0hj,Branko Djuric,Branko Djuric
b0n9,Breno Braga,Breno Braga
u0a9,Breno Rossetto Urvaneja,Breno Rossetto Urvaneja
b0ql,Brian Bozemoj,Brian Bozemoj
f0fl,Bruno Fernandez,Bruno Fernandez
k0hn,Bruno Kuzuhara,Bruno Kuzuhara
p0cu,Bruno Pujol Navarro,Bruno Pujol Navarro
h0la,Bryan Hernandez Cortes,Bryan Hernandez Cortes
n0dr,Bryce Nakashima,Bryce Nakashima
g0cv,Buvaysar Gadamauri,Buvaysar Gadamauri
t0j5,Cagan Efe Tufekci,Cagan Efe Tufekci
w0f7,Caheer Warik,Caheer Warik
s0wk,Calin Teodor Stirbu,Calin Teodor Stirbu
hb48,Calvin Hemery,Calvin Hemery
m0jp,Calvin Mueller,Calvin Mueller
n771,Cameron Norrie,Cameron Norrie
u182,Camilo Ugo Carabelli,Camilo Ugo Carabelli
k0db,Cannon Kingsley,Cannon Kingsley
o0bi,Carl Emil Overbeck,Carl Emil Overbeck
h0iq,Carl Holder,Carl Holder
r0es,Carl Roothman,Carl Roothman
c0oi,Carles Cordoba,Carles Cordoba
h0dq,Carles Hernandez,Carles Hernandez
c0lk,Carlo Alberto Caniato,Carlo Alberto Caniato
a0e2,Carlos Alcaraz,Carlos Alcaraz
g0kw,Carlos Giraldi,Carlos Giraldi
l0c1,Carlos Lopez Montagud,Carlos Lopez Montagud
z0da,Carlos Maria Zarate,Carlos Maria Zarate
s0cg,Carlos Sanchez Jover,Carlos Sanchez Jover
te16,Carlos Taberner,Carlos Taberner
z0dr,Carlos Zerega,Carlos Zerega
c0t9,Casper Christensen,Casper Christensen
rh16,Casper Ruud,Casper Ruud
s0sq,Cedric Stanke,Cedric Stanke
sk94,Cedrik-Marcel Stebe,Cedrik-Marcel Stebe
i306,Cem Ilkel,Cem Ilkel
b0me,Cesar Bouchelaghem,Cesar Bouchelaghem
c0nu,Cesar Cruz,Cesar Cruz
c0b2,Cezar Cretu,Cezar Cretu
p0mt,Cezar Gabriel Papoe,Cezar Gabriel Papoe
o527,Chanyeong Oh,Chanyeong Oh
c0ll,Charlelie Cosnet,Charlelie Cosnet
b0c4,Charles Bertimon,Charles Bertimon
bv21,Charles Broom,Charles Broom
c0q4,Charles Chen,Charles Chen
c0lm,Charlie Camus,Charlie Camus
r0k9,Charlie Robertson,Charlie Robertson
f0c0,Chase Ferguson,Chase Ferguson
d0fn,Chen Dong,Chen Dong
d0hi,Chirag Duhan,Chirag Duhan
r0e0,Chris Rodesch,Chris Rodesch
d0ka,Christian Djonov,Christian Djonov
li10,Christian Langmo,Christian Langmo
sy00,Christian Sigsgaard,Christian Sigsgaard
w0fp,Christian Wedel,Christian Wedel
g0mr,Christoph Gayk,Christoph Gayk
n731,Christoph Negritu,Christoph Negritu
e865,Christopher Eubanks,Christopher Eubanks
l0do,Christopher Li,Christopher Li
o483,Christopher O'Connell,Christopher O'Connell
p0f0,Christopher Papa,Christopher Papa
h0l7,Chun-Chien Hou,Chun-Chien Hou
t0ap,Chun-Hsin Tseng,Chun-Hsin Tseng
m0ru,Cian Maguire,Cian Maguire
mr77,Cing-Yang Meng,Cing-Yang Meng
h0d9,Cleeve Harper,Cleeve Harper
c0bh,Clement Chidekh,Clement Chidekh
d0f4,Clement Deleersnyder,Clement Deleersnyder
l0l4,Clement Lemire,Clement Lemire
t09x,Clement Tabur,Clement Tabur
w0bh,Coleman Wong,Coleman Wong
sq79,Colin Sinclair,Colin Sinclair
s0ze,Colton Smith,Colton Smith
cm88,Congsup Congcar,Congsup Congcar
hg90,Conner Huertas del Pino,Conner Huertas del Pino
d0nh,Connor Doig,Connor Doig
t0b0,Connor Thomson,Connor Thomson
g0g4,Conor Gannon,Conor Gannon
lb66,Constant Lestienne,Constant Lestienne
bu53,Constantin Bittoun Kouzmine,Constantin Bittoun Kouzmine
w0dd,Cooper Williams,Cooper Williams
w0dw,Cooper Woestendick,Cooper Woestendick
c0i5,Corban Crowther,Corban Crowther
df92,Corentin Denolly,Corentin Denolly
mw02,Corentin Moutet,Corentin Moutet
c0r0,Corey Craig,Corey Craig
r0ke,Cosme Rolland De Ravel,Cosme Rolland De Ravel
gd64,Cristian Garin,Cristian Garin
r913,Cristian Rodriguez,Cristian Rodriguez
h0k0,Cruz Hewitt,Cruz Hewitt
v0bc,Cyril Vandermeersch,Cyril Vandermeersch
m0ve,Cyrus Mahjoob,Cyrus Mahjoob
y0al,Daiki Yoshimura,Daiki Yoshimura
s0bg,Daisuke Sumizawa,Daisuke Sumizawa
b0uz,Dakotah Bobo,Dakotah Bobo
b0jp,Dali Blanch,Dali Blanch
s0gd,Dalibor Svrcina,Dalibor Svrcina
c0tl,Damien Clerc,Damien Clerc
s0f4,Damien Salvestre,Damien Salvestre
w09b,Damien Wenger,Damien Wenger
a0mk,Damir Abdusamadov,Damir Abdusamadov
d923,Damir Dzumhur,Damir Dzumhur
a09t,Dan Added,Dan Added
t0aa,Dan Alexandru Tomescu,Dan Alexandru Tomescu
m0c2,Dan Martin,Dan Martin
s0ia,Dane Sweeny,Dane Sweeny
a0oe,Daniel Aleksandar Amarandei,Daniel Aleksandar Amarandei
ae14,Daniel Altmaier,Daniel Altmaier
n0bu,Daniel Antonio Nunez,Daniel Antonio Nunez
b0ha,Daniel Bagnolini,Daniel Bagnolini
b0bj,Daniel Batista,Daniel Batista
cl82,Daniel Cukierman,Daniel Cukierman
d0cu,Daniel De Jonge,Daniel De Jonge
d0nc,Daniel Domingos,Daniel Domingos
sg56,Daniel Dutra da Silva,Daniel Dutra da Silva
ge33,Daniel Elahi Galan,Daniel Elahi Galan
e687,Daniel Evans,Daniel Evans
j0em,Daniel Jade,Daniel Jade
j0fy,Daniel Jovanovski,Daniel Jovanovski
k0m7,Daniel Khazime,Daniel Khazime
l0ei,Daniel Lara Salmeron,Daniel Lara Salmeron
mn20,Daniel Masur,Daniel Masur
m0n7,Daniel Merida,Daniel Merida
m0e1,Daniel Michalski,Daniel Michalski
m0rg,Daniel Milavsky,Daniel Milavsky
p0pv,Daniel Phillips,Daniel Phillips
r0fp,Daniel Rincon,Daniel Rincon
s0gm,Daniel Salazar,Daniel Salazar
s0lt,Daniel Siniakov,Daniel Siniakov
t0l4,Daniel Tazabekov,Daniel Tazabekov
u0ac,Daniel Uta,Daniel Uta
v0gk,Daniel Verbeek,Daniel Verbeek
m0o0,Daniele Minighini,Daniele Minighini
r0km,Daniele Rapagnetta,Daniele Rapagnetta
a0el,Danielle Abadia,Danielle Abadia
b0x4,Daniil Bogatov,Daniil Bogatov
g0by,Daniil Glinka,Daniil Glinka
g0bd,Daniil Golubev,Daniil Golubev
k0pf,Daniil Kakhniuk,Daniil Kakhniuk
mm58,Daniil Medvedev,Daniil Medvedev
o0br,Daniil Ostapenkov,Daniil Ostapenkov
p0kz,Daniil Piatrouski,Daniil Piatrouski
s0yb,Daniil Sarksian,Daniil Sarksian
p0mj,Dante Pagani,Dante Pagani
kc86,Darian King,Darian King
c0sd,Dario Alexandru Ciobotaru,Dario Alexandru Ciobotaru
p0ly,Darius Florin Pop,Darius Florin Pop
s0gg,Darrshan Suresh,Darrshan Suresh
b0no,Darwin Blanch,Darwin Blanch
a0o3,David Asenov,David Asenov
b0ty,David Bakonyi,David Bakonyi
c0pt,David Cristian Carteputreda,David Cristian Carteputreda
e0dx,David Eichenseher,David Eichenseher
f0fh,David Fix,David Fix
gb88,David Goffin,David Goffin
j0f5,David Jeanne-Grandinot,David Jeanne-Grandinot
j476,David Jorda Sanchis,David Jorda Sanchis
n0ek,David Naharro,David Naharro
p0kk,David Petrovic,David Petrovic
pi95,David Pichler,David Pichler
ph77,David Poljak,David Poljak
ph02,Davide Pontoglio,Davide Pontoglio
t0cy,Davide Tortora,Davide Tortora
w0fr,Dawid Wisniewski,Dawid Wisniewski
d0c2,Dax Donders,Dax Donders
w0bd,Deney Wassermann,Deney Wassermann
kg49,Denis Klok,Denis Klok
p0m4,Denis Petak,Denis Petak
su55,Denis Shapovalov,Denis Shapovalov
s0ub,Denis Spiridon,Denis Spiridon
y171,Denis Yevseyev,Denis Yevseyev
db59,Dennis Novak,Dennis Novak
p0kj,Derek Pham,Derek Pham
j0cl,Dev Javia,Dev Javia
b0iz,Devin Badenhorst,Devin Badenhorst
s0de,Dhakshineswar Suresh,Dhakshineswar Suresh
n0c9,Dian Nedev,Dian Nedev
b0hf,Diego Augusto Barreto Sanchez,Diego Augusto Barreto Sanchez
d0lj,Diego Dedura,Diego Dedura
d0fo,Diego Duran,Diego Duran
f0c4,Diego Fernandez Flores,Diego Fernandez Flores
j0el,Diego Jarry Fillol,Diego Jarry Fillol
m19j,Diego Munoz,Diego Munoz
o0ce,Diego Ortiz Gamonsl,Diego Ortiz Gamonsl
sy71,Digvijaypratap Singh,Digvijaypratap Singh
b0x2,Dillon Beckles,Dillon Beckles
kc33,Dimitar Kuzmanov,Dimitar Kuzmanov
a0c5,Dimitris Azoidis,Dimitris Azoidis
s0s9,Dimitris Sakellaridis,Dimitris Sakellaridis
n0cc,Dingzheng Nima,Dingzheng Nima
d0hs,Dinko Dinev,Dinko Dinev
p0hw,Dino Prizmic,Dino Prizmic
m0b9,Diogo Marques,Diogo Marques
m0o7,Diogo Morais,Diogo Morais
s1ef,Djordje Sapic,Djordje Sapic
v0eo,Dmitrii Vasilev,Dmitrii Vasilev
b0x7,Dmitry Bessonov,Dmitry Bessonov
d0if,Dmitry Dolzhenkov,Dmitry Dolzhenkov
s1ac,Dmitry Kopilevich,Dmitry Kopilevich
pg20,Dmitry Popko,Dmitry Popko
s1ak,Dmytro Shirokyi,Dmytro Shirokyi
s0la,Dominic Stricker,Dominic Stricker
m0x2,Dominick Mosejczuk,Dominick Mosejczuk
ke36,Dominik Kellovsky,Dominik Kellovsky
p0e9,Dominik Palan,Dominik Palan
rd58,Dominik Recek,Dominik Recek
r0ki,Dominique Rolland,Dominique Rolland
k0ci,Dong Ju Kim,Dong Ju Kim
j0f9,Dorian Juszczak,Dorian Juszczak
c0mx,Dragos Nicolae Cazacu,Dragos Nicolae Cazacu
mw54,Dragos Nicolae Madaras,Dragos Nicolae Madaras
p0ia,Drazen Petrovic,Drazen Petrovic
v948,Drew Van Orderlain,Drew Van Orderlain
va15,Duarte Vale,Duarte Vale
le01,Duckhee Lee,Duckhee Lee
a0cj,Duje Ajdukovic,Duje Ajdukovic
m0u9,Duje Markovina,Duje Markovina
c0of,Duncan Chan,Duncan Chan
l987,Dusan Lajovic,Dusan Lajovic
o0ai,Dusan Obradovic,Dusan Obradovic
d0hx,Dylan Dietrich,Dylan Dietrich
b0mm,Edas Butvilas,Edas Butvilas
a0i9,Edison Ambarzumjan,Edison Ambarzumjan
d0mw,Edoardo De Filippo,Edoardo De Filippo
z0bh,Edoardo Zanada,Edoardo Zanada
c0mt,Edoardo cherie Ligniere,Edoardo cherie Ligniere
v0eq,Edouard Villoslada,Edouard Villoslada
r09v,Eduardo Ribeiro,Eduardo Ribeiro
e0ee,Edward Etty,Edward Etty
w0c4,Edward Winter,Edward Winter
v993,Eero Vasa,Eero Vasa
a0fm,Egor Agafonov,Egor Agafonov
gc89,Egor Gerasimov,Egor Gerasimov
p0nd,Egor Pleshivtsev,Egor Pleshivtsev
k0ht,Elgin Khoeblal,Elgin Khoeblal
s0z2,Eli Stephenson,Eli Stephenson
c0hb,Eliakim Coulibaly,Eliakim Coulibaly
w0d9,Elias Julian Werner,Elias Julian Werner
s1c8,Elias Sumann,Elias Sumann
y218,Elias Ymer,Elias Ymer
c0rn,Elijah Cham,Elijah Cham
s1ez,Elijah Sanogo,Elijah Sanogo
s0tb,Elijah Strode,Elijah Strode
s0ja,Eliot Spizzirri,Eliot Spizzirri
bt68,Elliot Benchetrit,Elliot Benchetrit
e811,Elmar Ejupovic,Elmar Ejupovic
m0k4,Elmer Moller,Elmer Moller
i0bv,Emanuel Ivanisevic,Emanuel Ivanisevic
rh24,Emil Ruusuvuori,Emil Ruusuvuori
h0ek,Emile Hudd,Emile Hudd
j0cx,Emiliano Jorquera,Emiliano Jorquera
d0ly,Emilien Demanet,Emilien Demanet
n0am,Emilio Nava,Emilio Nava
b0ww,Emirhan Bulut,Emirhan Bulut
v0hg,Emon Van Loben Sels,Emon Van Loben Sels
m0p3,Enmanuel Munoz,Enmanuel Munoz
dg80,Enrico Dalla Valle,Enrico Dalla Valle
bk43,Enrique Bogo,Enrique Bogo
c0sl,Enrique Carrascosa Diaz,Enrique Carrascosa Diaz
c0u2,Enrique Collar,Enrique Collar
a0ku,Enzo Aguiard,Enzo Aguiard
c0ju,Enzo Camargo Lima,Enzo Camargo Lima
cg94,Enzo Couacaud,Enzo Couacaud
k0mx,Enzo Kohlmann De Freitas,Enzo Kohlmann De Freitas
w749,Enzo Wallart,Enzo Wallart
ki48,Ergi Kirkin,Ergi Kirkin
ae43,Eric Ahren Moonga,Eric Ahren Moonga
v0d4,Eric Vanshelboim,Eric Vanshelboim
a0ia,Erik Arutiunian,Erik Arutiunian
l0fu,Espen Lagarde,Espen Lagarde
q027,Essa Qabazard,Essa Qabazard
t0k8,Esteban Talavera Cortes,Esteban Talavera Cortes
c0ms,Ethan Cook,Ethan Cook
q02l,Ethan Quinn,Ethan Quinn
d0dc,Etienne Donnet,Etienne Donnet
g0pf,Eudald Gonzalez,Eudald Gonzalez
b0tl,Evan Burnett,Evan Burnett
b0mr,Evan Bynoe,Evan Bynoe
z09k,Evan Zhu,Evan Zhu
td47,Evgenii Tiurnev,Evgenii Tiurnev
kd87,Evgeny Karlovskiy,Evgeny Karlovskiy
p0g0,Evgeny Philippov,Evgeny Philippov
l0af,Ewen Lumsden,Ewen Lumsden
m1bh,Eyad Reda Ezzat Mohamed Sherif,Eyad Reda Ezzat Mohamed Sherif
co07,Ezekiel Clark,Ezekiel Clark
m0ig,Ezequiel Monferrer,Ezequiel Monferrer
m0ci,Fabian Marozsan,Fabian Marozsan
sz32,Fabien Salle,Fabien Salle
a0f3,Fabrizio Andaloro,Fabrizio Andaloro
o0d5,Fabrizio Karol Pio Osti,Fabrizio Karol Pio Osti
bf23,Facundo Bagnis,Facundo Bagnis
d0cg,Facundo Diaz Acosta,Facundo Diaz Acosta
j737,Facundo Juarez,Facundo Juarez
mj98,Facundo Mena,Facundo Mena
b0u0,Fadi Bidan,Fadi Bidan
sx90,Fajing Sun,Fajing Sun
m19y,Fanming Meng,Fanming Meng
a0os,Fantino Alberca De Las Casas,Fantino Alberca De Las Casas
z0bl,Fares Zakaria,Fares Zakaria
t0cu,Fausto Tabacco,Fausto Tabacco
a0k2,Federico Aguilar Cardozo,Federico Aguilar Cardozo
gj16,Federico Agustin Gomez,Federico Agustin Gomez
a0ba,Federico Arnaboldi,Federico Arnaboldi
b0pe,Federico Bondioli,Federico Bondioli
b0nk,Federico Bove,Federico Bove
c0nb,Federico Cina,Federico Cina
ce77,Federico Coria,Federico Coria
g0nv,Federico Guarducci,Federico Guarducci
i09n,Federico Iannaccone,Federico Iannaccone
v0fm,Federico Valle,Federico Valle
z239,Federico Zeballos,Federico Zeballos
ab75,Felipe Assuncao Garla,Felipe Assuncao Garla
d0k4,Felipe De Dios,Felipe De Dios
d0ng,Felipe Dreer,Felipe Dreer
mw75,Felipe Meligeni Alves,Felipe Meligeni Alves
v0hq,Felipe Virgili,Felipe Virgili
ag37,Felix Auger-Aliassime,Felix Auger-Aliassime
b0wl,Felix Balshaw,Felix Balshaw
cn15,Felix Corwin,Felix Corwin
g0eu,Felix Gill,Felix Gill
r0o2,Felix Raser,Felix Raser
l0lj,Ferdinand Livet Novkirichka,Ferdinand Livet Novkirichka
t0af,Fermin Tenti,Fermin Tenti
c0o4,Fernando Cavallo,Fernando Cavallo
y223,Fernando Yamacita,Fernando Yamacita
f0f9,Filiberto Fumagalli,Filiberto Fumagalli
j09x,Filip Cristian Jianu,Filip Cristian Jianu
g0m2,Filip Gustafsson,Filip Gustafsson
p0fv,Filip Jeff Planinsek,Filip Jeff Planinsek
k0fo,Filip Krolo,Filip Krolo
m0jz,Filip Misolic,Filip Misolic
pf65,Filip Peliwo,Filip Peliwo
p0fu,Filip Pieczonka,Filip Pieczonka
s0x4,Filip Stidell,Filip Stidell
a0lw,Filippo Alberti,Filippo Alberti
g0o3,Filippo Francesco Garbero,Filippo Francesco Garbero
m0uq,Filippo Mazzola,Filippo Mazzola
m0gp,Filippo Moroni,Filippo Moroni
r0hk,Filippo Romano,Filippo Romano
s0jh,Filippo Speziali,Filippo Speziali
bu78,Finn Bass,Finn Bass
m0hy,Finn Murgett,Finn Murgett
w0fn,Finn Willman,Finn Willman
b0yv,Flavio Bocci,Flavio Bocci
c0e9,Flavio Cobolli,Flavio Cobolli
b0bu,Florent Bax,Florent Bax
b0c5,Florian Broska,Florian Broska
t0j4,Flynn Thomas,Flynn Thomas
n0dy,Fnu Nidunjianzan,Fnu Nidunjianzan
v0em,Fons Van Sambeek,Fons Van Sambeek
td51,Frances Tiafoe,Frances Tiafoe
fb59,Francesco Ferrari,Francesco Ferrari
f0a4,Francesco Forti,Francesco Forti
m0if,Francesco Maestrelli,Francesco Maestrelli
p0ct,Francesco Passaro,Francesco Passaro
c0au,Francisco Cerundolo,Francisco Cerundolo
c0df,Francisco Comesana,Francisco Comesana
r0f6,Francisco Rocha,Francisco Rocha
g0kb,Francisco Tomas Geschwind,Francisco Tomas Geschwind
aa27,Franco Agamenone,Franco Agamenone
v0if,Franco Ariel Vazquez,Franco Ariel Vazquez
m0rs,Franco Marini,Franco Marini
r0bf,Franco Ribero,Franco Ribero
r0bt,Franco Roncadelli,Franco Roncadelli
m0hb,François Musitelli,François Musitelli
rh73,Frazier Rengifo,Frazier Rengifo
r0iz,Freddie Ridout,Freddie Ridout
m0x8,Freddy Murray,Freddy Murray
sn54,Frederico Ferreira Silva,Frederico Ferreira Silva
s1bd,Fredrik Krogh Solheim,Fredrik Krogh Solheim
l0k7,Fryderyk Lechno-Wasiutynski,Fryderyk Lechno-Wasiutynski
j0fn,Fumin Jiang,Fumin Jiang
h0i8,Gabor Hornung,Gabor Hornung
d0f6,Gabriel Diallo,Gabriel Diallo
e0cf,Gabriel Elicha Navas,Gabriel Elicha Navas
g0me,Gabriel Ghetu,Gabriel Ghetu
m0nu,Gabriel Matuszewski,Gabriel Matuszewski
s0vd,Gabriel Schenekenberg,Gabriel Schenekenberg
b0g4,Gabriele Bosio,Gabriele Bosio
c0n6,Gabriele Crivellaro,Gabriele Crivellaro
n724,Gabriele Maria Noce,Gabriele Maria Noce
p0jg,Gabriele Pennaforti,Gabriele Pennaforti
p0i6,Gabriele Piraino,Gabriele Piraino
v0cx,Gabriele Volpi,Gabriele Volpi
v0hm,Gabriele Vulpitta,Gabriele Vulpitta
mc65,Gael Monfils,Gael Monfils
bp44,Gage Brymer,Gage Brymer
j0b5,Garrett Johns,Garrett Johns
m0xx,Gasper Matijasic,Gasper Matijasic
e698,Gastao Elias,Gastao Elias
o0a2,Gauthier Onclin,Gauthier Onclin
g0pp,Gavin Goode,Gavin Goode
y0bf,Gavin Young,Gavin Young
o660,Genaro Alberto Olivieri,Genaro Alberto Olivieri
bu54,Geoffrey Blancaneaux,Geoffrey Blancaneaux
l0gl,George Lazarov,George Lazarov
l0cf,George Loffhagen,George Loffhagen
g0of,Georgi Georgiev,Georgi Georgiev
k0bj,Georgii Kravchenko,Georgii Kravchenko
c0mh,Gerard Campana Lee,Gerard Campana Lee
mo76,Gergely Madarasz,Gergely Madarasz
k0dv,Geun Jun Kim,Geun Jun Kim
s0se,Gheorghe Claudiu Schinteie,Gheorghe Claudiu Schinteie
c0mo,Giacomo Crisostomo,Giacomo Crisostomo
g0k8,Giammarco Gandolfi,Giammarco Gandolfi
d0pe,Gian Durrer,Gian Durrer
g0im,Gian Gruenig,Gian Gruenig
t0e0,Gian Luca Tanner,Gian Luca Tanner
o0ax,Gian Marco Ortenzi,Gian Marco Ortenzi
b0n0,Gianluca Brunkow,Gianluca Brunkow
c0nn,Gianluca Cadenasso,Gianluca Cadenasso
ml57,Gianluca Mager,Gianluca Mager
f0cj,Gianmarco Ferrari,Gianmarco Ferrari
m0ic,Giannicola Misasi,Giannicola Misasi
bo10,Gijs Brouwer,Gijs Brouwer
k0cz,Gilbert Klier Junior,Gilbert Klier Junior
r0lx,Gilberto Ravasio,Gilberto Ravasio
h0dc,Giles Hussey,Giles Hussey
b0qc,Gilles Arnaud Bailly,Gilles Arnaud Bailly
t0fk,Giorgio Tabacco,Giorgio Tabacco
fc49,Giovanni Fonio,Giovanni Fonio
m0gz,Giovanni Mpetshi Perricard,Giovanni Mpetshi Perricard
o639,Giovanni Oradini,Giovanni Oradini
p0ge,Giulio Perego,Giulio Perego
z0a1,Giulio Zeppieri,Giulio Zeppieri
l0db,Giuseppe La Vela,Giuseppe La Vela
p0lr,Glauco Pinheiro Da Cruz Junior,Glauco Pinheiro Da Cruz Junior
s1c1,Glib Sekachov,Glib Sekachov
s0ny,Gokberk Saritas,Gokberk Saritas
b0gr,Gonzalo Bueno,Gonzalo Bueno
v821,Gonzalo Villanueva,Gonzalo Villanueva
n0al,Govind Nanda,Govind Nanda
v0gl,Gray Voelzke,Gray Voelzke
bk24,Gregoire Barrere,Gregoire Barrere
h0j9,Gregor Hausberger,Gregor Hausberger
r0ay,Gregor Ramskogler,Gregor Ramskogler
b0pz,Gregorio Biondolillo,Gregorio Biondolillo
d875,Grigor Dimitrov,Grigor Dimitrov
lg37,Grigoriy Lomakin,Grigoriy Lomakin
s0yn,Grigory Shebekin,Grigory Shebekin
j0aw,Guido Ivan Justo,Guido Ivan Justo
d0k3,Guillaume Dalmasso,Guillaume Dalmasso
d0m9,Guillermo Tunas,Guillermo Tunas
t0en,Gunawan Trismuwantara,Gunawan Trismuwantara
g0oq,Gus Grumet,Gus Grumet
s0ka,Gustaf Strom,Gustaf Strom
a0nj,Gustavo Albieri,Gustavo Albieri
h0du,Gustavo Heide,Gustavo Heide
d0ip,Gustavo Ribeiro De Almeida,Gustavo Ribeiro De Almeida
m0wy,Guto Miguel,Guto Miguel
d0h9,Guy Den Ouden,Guy Den Ouden
i327,Guy Orly Iradukunda,Guy Orly Iradukunda
h808,H. Heliovaara,H. Heliovaara
p0g6,H. Patten,H. Patten
v0dr,Ha Minh Duc Vu,Ha Minh Duc Vu
hf80,Hady Habib,Hady Habib
m0jf,Hamad Medjedovic,Hamad Medjedovic
s0ex,Hamish Stewart,Hamish Stewart
e0c5,Hamza El Amine,Hamza El Amine
ke25,Hamza Karmoussi,Hamza Karmoussi
c0jz,Hanamichi Carvajal,Hanamichi Carvajal
l0bu,Hanyi Liu,Hanyi Liu
ki34,Hao Sheng Koay,Hao Sheng Koay
h0e3,Haoyuan Huang,Haoyuan Huang
h0hr,Harold Huens,Harold Huens
m0g4,Harold Mayot,Harold Mayot
t0cw,Harry Thursfield,Harry Thursfield
w0ah,Harry Wendelken,Harry Wendelken
m0sc,Hayato Matsuoka,Hayato Matsuoka
j0d5,Hayden Jones,Hayden Jones
n0bk,Hazem Naw,Hazem Naw
s0ak,Henri Squire,Henri Squire
b0qe,Henrik Bladelius,Henrik Bladelius
v0j7,Henrik Villanger,Henrik Villanger
o0e9,Henrique Ortenblad Nogueira,Henrique Ortenblad Nogueira
r0go,Henrique Rocha,Henrique Rocha
b0tp,Henry Bernet,Henry Bernet
l0kg,Henry Lieberman,Henry Lieberman
r0ni,Henry Ren,Henry Ren
s0tx,Henry Searle,Henry Searle
h0dw,Herman Hoeyeraal,Herman Hoeyeraal
cg07,Hernan Casanova,Hernan Casanova
e09u,Hernando Jose Escurra Isnardi,Hernando Jose Escurra Isnardi
s1ee,Hidde Schoenmakers,Hidde Schoenmakers
s0c2,Hikaru Shiraishi,Hikaru Shiraishi
mi01,Hiroki Moriya,Hiroki Moriya
k0ng,Hiromasa Koyama,Hiromasa Koyama
c0qm,Hitesh Chauhan,Hitesh Chauhan
r0dg,Holger Rune,Holger Rune
f0bn,Hong-Lin Fu,Hong-Lin Fu
r0j1,Hoyoung Roh,Hoyoung Roh
hb71,Hubert Hurkacz,Hubert Hurkacz
r0fq,Hudson Rivera,Hudson Rivera
c0ri,Hugo Car,Hugo Car
c0lh,Hugo Cardinaud,Hugo Cardinaud
c0rc,Hugo Coquelin,Hugo Coquelin
da31,Hugo Dellien,Hugo Dellien
g09o,Hugo Gaston,Hugo Gaston
gf95,Hugo Grenier,Hugo Grenier
h0l5,Hugo Hashimoto,Hugo Hashimoto
m0cj,Hugo Maia,Hugo Maia
o0di,Hugo Ouzilou,Hugo Ouzilou
pm20,Hugo Pierre,Hugo Pierre
h0eb,Hunter Heck,Hunter Heck
ch27,Hyeon Chung,Hyeon Chung
b0ou,Hynek Barton,Hynek Barton
c0hn,Ian Luca Cervantes Tomas,Ian Luca Cervantes Tomas
m0ro,Iannis Miletich,Iannis Miletich
w0fd,Ids Waterbolk,Ids Waterbolk
b0ez,Ignacio Antonio Becerra Otarola,Ignacio Antonio Becerra Otarola
b0id,Ignacio Buse,Ignacio Buse
d0p3,Ignacio De Armas,Ignacio De Armas
mv75,Ignacio Monzon,Ignacio Monzon
n0bm,Ignacio Novo,Ignacio Novo
p0i5,Ignacio Parisca Romera,Ignacio Parisca Romera
f0hr,Ignasi Forcano Aparicio,Ignasi Forcano Aparicio
g0d9,Igor Gimenez,Igor Gimenez
k0ga,Igor Kudriashov,Igor Kudriashov
rd48,Igor Marcondes,Igor Marcondes
v0dq,Iiro Vasa,Iiro Vasa
g0ml,Iker Gaztambide Arrastia,Iker Gaztambide Arrastia
u09t,Iker Urribarrens Ramirez,Iker Urribarrens Ramirez
h0lc,Ilan Zheng-Xiong Hediger,Ilan Zheng-Xiong Hediger
s0o6,Ilia Simakin,Ilia Simakin
z0bj,Ilias Zimmermann,Ilias Zimmermann
p0o5,Ilija Palavestra,Ilija Palavestra
r0il,Iliyan Radulov,Iliyan Radulov
me89,Illya Marchenko,Illya Marchenko
i0c6,Ilya Ignatov,Ilya Ignatov
i305,Ilya Ivashka,Ilya Ivashka
s0r5,Ilya Snitari,Ilya Snitari
f0ii,Ilyas Milad Fahim,Ilyas Milad Fahim
l0at,Imanol Lopez Morillo,Imanol Lopez Morillo
m0nl,Inaki Montes-De La Torre,Inaki Montes-De La Torre
c0jr,Ioan Alexandru Chirita,Ioan Alexandru Chirita
k0he,Ioannis Kountourakis,Ioannis Kountourakis
x01c,Ioannis Xilas,Ioannis Xilas
b0hy,Isaac Becroft,Isaac Becroft
l0la,Isaac Lhomond,Isaac Lhomond
n0e5,Isaac Nortey,Isaac Nortey
s0v1,Isac Stroemberg,Isac Stroemberg
sx77,Isaiah Strode,Isaiah Strode
e0ab,Ishaque Eqbal,Ishaque Eqbal
o498,Issei Okamura,Issei Okamura
b0ss,Ivan Biletic,Ivan Biletic
d09v,Ivan Denisov,Ivan Denisov
d0ig,Ivan Dreycopp,Ivan Dreycopp
ge28,Ivan Gakhov,Ivan Gakhov
g0o5,Ivan Gretskiy,Ivan Gretskiy
i0bl,Ivan Iutkin,Ivan Iutkin
i0bf,Ivan Ivanov,Ivan Ivanov
lf40,Ivan Liutarevich,Ivan Liutarevich
m09m,Ivan Marrero Curbelo,Ivan Marrero Curbelo
n561,Ivan Nedelko,Ivan Nedelko
a0kq,Izan Almazan Valiente,Izan Almazan Valiente
w09g,J.J. Wolf,J.J. Wolf
a0ih,Jack Anthrop,Jack Anthrop
b0v4,Jack Bruce-Smith,Jack Bruce-Smith
d0co,Jack Draper,Jack Draper
k0jc,Jack Karlsson Wistrand,Jack Karlsson Wistrand
k0np,Jack Kennedy,Jack Kennedy
l0id,Jack Loge,Jack Loge
l0ip,Jack Loutit,Jack Loutit
m19i,Jack Patrick Mcgary,Jack Patrick Mcgary
p0ht,Jack Pinnington Jones,Jack Pinnington Jones
s1cn,Jack Satterfield,Jack Satterfield
s1cu,Jack Secord,Jack Secord
r0lh,Jackson Ross,Jackson Ross
b0ot,Jacob Bradshaw,Jacob Bradshaw
b0d8,Jacob Brumm,Jacob Brumm
f0by,Jacob Fearnley,Jacob Fearnley
bu10,Jacopo Berrettini,Jacopo Berrettini
b0ph,Jacopo Bilardo,Jacopo Bilardo
v0j1,Jacopo Vasami,Jacopo Vasami
w0dp,Jaden Weekes,Jaden Weekes
c0nl,Jaesung Choe,Jaesung Choe
l0mb,Jagger Leach,Jagger Leach
f0f2,Jaime Faria,Jaime Faria
dc38,Jake Delaney,Jake Delaney
d0nq,Jake Dembo,Jake Dembo
f0gd,Jakub Filip,Jakub Filip
k0i2,Jakub Kroslak,Jakub Kroslak
m0ni,Jakub Mensik,Jakub Mensik
n0d9,Jakub Nicod,Jakub Nicod
p0d0,Jakub Paul,Jakub Paul
v0hr,Jakub Vrba,Jakub Vrba
b0rd,James Beaven,James Beaven
c0pc,James Connel,James Connel
d994,James Duckworth,James Duckworth
h0f1,James Hopper,James Hopper
m0oq,James McCabe,James McCabe
s0h9,James Story,James Story
t0bw,James Trotter,James Trotter
v0ge,James Van Herzeele,James Van Herzeele
w0ed,James Watt,James Watt
m19t,Jamie Mackenzie,Jamie Mackenzie
ch12,Jan Choinski,Jan Choinski
h0hx,Jan Hrazdil,Jan Hrazdil
j0b6,Jan Jermar,Jan Jermar
k0o5,Jan Klimas,Jan Klimas
k0jh,Jan Kumstat,Jan Kumstat
k0fw,Jan Kupcic,Jan Kupcic
s1e0,Jan Sadzik,Jan Sadzik
s0r7,Jan Sebesta,Jan Sebesta
w0fx,Jan Wygona,Jan Wygona
sl28,Jan-Lennard Struff,Jan-Lennard Struff
k0kc,Jangjun Kim,Jangjun Kim
o663,Jannik Opitz,Jannik Opitz
s0ag,Jannik Sinner,Jannik Sinner
j0c2,Jarno Jans,Jarno Jans
j0er,Jarrod Joyce,Jarrod Joyce
j380,Jason Jung,Jason Jung
kb95,Jason Kubler,Jason Kubler
s0sd,Jasza Szajrych,Jasza Szajrych
mu94,Jaume Munar,Jaume Munar
bv25,Javier Barranco Cosano,Javier Barranco Cosano
g0ne,Javier Guzman,Javier Guzman
m0gx,Javier Molino,Javier Molino
ci14,Jay Clarke,Jay Clarke
h0jl,Jay Friend,Jay Friend
lb78,Jea Moon Lee,Jea Moon Lee
w660,Jefferson Wendler Filho,Jefferson Wendler Filho
f0ip,Jeffrey Fradkin,Jeffrey Fradkin
v0e3,Jeffrey Von Der Schulenburg,Jeffrey Von Der Schulenburg
so20,Jelle Sels,Jelle Sels
b0cd,Jenson Brooksby,Jenson Brooksby
g0b7,Jeremy Gschwendtner,Jeremy Gschwendtner
j0d4,Jeremy Jin,Jeremy Jin
s0kh,Jeremy Schifris,Jeremy Schifris
z0cn,Jeremy Zhang,Jeremy Zhang
k0ep,Jerome Kym,Jerome Kym
g0ql,Jerrid Gaines Jr,Jerrid Gaines Jr
b0ux,Jerry Barton,Jerry Barton
r0jg,Jerry Roddick,Jerry Roddick
d0c1,Jesper de Jong,Jesper de Jong
d0ii,Jesse De Jager,Jesse De Jager
d0be,Jesse Delaney,Jesse Delaney
f902,Jesse Flores,Jesse Flores
n652,JiSung Nam,JiSung Nam
c0aj,Jie Cui,Jie Cui
h0iw,Jim Hendrikx,Jim Hendrikx
t0fv,Jin Peng Tang,Jin Peng Tang
v0ep,Jip Van Assendelft,Jip Van Assendelft
n831,Jirat Navasirisomboon,Jirat Navasirisomboon
c0mv,Jiri Cizek,Jiri Cizek
l0bv,Jiri Lehecka,Jiri Lehecka
v708,Jiri Vesely,Jiri Vesely
af67,Joao Antonio,Joao Antonio
d985,Joao Domingues,Joao Domingues
s0t1,Joao Eduardo Schiessl,Joao Eduardo Schiessl
f0fv,Joao Fonseca,Joao Fonseca
gk07,Joao Graca,Joao Graca
r0a7,Joao Lucas Reis Da Silva,Joao Lucas Reis Da Silva
l0g5,Joao Victor Couto Loureiro,Joao Victor Couto Loureiro
gj90,Joao Vitor Goncalves Ceolin,Joao Vitor Goncalves Ceolin
s0yt,Joao Vitor Scramin Do Lago,Joao Vitor Scramin Do Lago
a0jw,Joaquin Aguilar Cardozo,Joaquin Aguilar Cardozo
g0os,Joaquin Guilleme,Joaquin Guilleme
l0kl,Joe Leather,Joe Leather
t0b1,Joe Tyler,Joe Tyler
mw25,Joel Meda,Joel Meda
s0wt,Joel Schwaerzler,Joel Schwaerzler
r0f1,Johan Alexander Rodriguez,Johan Alexander Rodriguez
n830,Johan Nikles,Johan Nikles
l0mu,Johan Oscar Lien,Johan Oscar Lien
i411,Johannes Ingildsen,Johannes Ingildsen
m0on,Johannus Monday,Johannus Monday
b0vz,John Bothma,John Bothma
e0au,John Echeverria,John Echeverria
h0e7,John Hallquist Lithen,John Hallquist Lithen
s0lr,John Sperle,John Sperle
g0q4,Jon Gamble,Jon Gamble
b0pk,Jonah Braswell,Jonah Braswell
e09h,Jonas Eriksson Ziverts,Jonas Eriksson Ziverts
f0bt,Jonas Forejtek,Jonas Forejtek
g0lr,Jonas Gundacker,Jonas Gundacker
k0k5,Jonas Kucera,Jonas Kucera
h0i0,Jonas Pelle Hartenstein,Jonas Pelle Hartenstein
s0i2,Jonas Schaer,Jonas Schaer
mm78,Jonathan Mridha,Jonathan Mridha
l0oa,Jordan Lee,Jordan Lee
tc61,Jordan Thompson,Jordan Thompson
mv26,Jordi Mas De Ugarte,Jordi Mas De Ugarte
p0e2,Jorge Plans,Jorge Plans
da86,Joris De Loore,Joris De Loore
d0fl,Jose Dominguez Alonso,Jose Dominguez Alonso
f0j1,Jose Freitas,Jose Freitas
c0kz,Jose Luis Claro,Jose Luis Claro
pc09,Jose Pereira,Jose Pereira
c09y,Joshua Charlton,Joshua Charlton
l0dk,Joshua Lapadat,Joshua Lapadat
pm28,Joshua Peck,Joshua Peck
s0nn,Joshua Sheehy,Joshua Sheehy
s0um,Josip Simundza,Josip Simundza
kc04,Jozef Kovalik,Jozef Kovalik
d0ou,João Pedro Didoni Bonini,João Pedro Didoni Bonini
o09s,Juan Bautista Otegui,Juan Bautista Otegui
t0dm,Juan Bautista Torres,Juan Bautista Torres
a09w,Juan Carlos Aguilar,Juan Carlos Aguilar
f0ik,Juan Carlos Fuentes Vasquez,Juan Carlos Fuentes Vasquez
p0iy,Juan Carlos Prado Angelo,Juan Carlos Prado Angelo
m0r4,Juan Cruz Martin Manzano,Juan Cruz Martin Manzano
e0di,Juan Estevez,Juan Estevez
m0wj,Juan Francisco Munoz,Juan Francisco Munoz
b0zh,Juan Ignacio Barraza,Juan Ignacio Barraza
b0vt,Juan Jose Bianchi,Juan Jose Bianchi
c0c8,Juan Manuel Cerundolo,Juan Manuel Cerundolo
l0gr,Juan Manuel La Serna,Juan Manuel La Serna
fa43,Juan Pablo Ficovich,Juan Pablo Ficovich
pg69,Juan Pablo Paz,Juan Pablo Paz
v836,Juan Pablo Varillas,Juan Pablo Varillas
gb41,Juan Sebastian Gomez,Juan Sebastian Gomez
o560,Juan Sebastian Osorio,Juan Sebastian Osorio
a812,Juan-Samuel Arauzo-Martinez,Juan-Samuel Arauzo-Martinez
l0j2,Jules Leroux,Jules Leroux
a0k1,Julian Alonso Jr,Julian Alonso Jr
c0h5,Julian Cundom,Julian Cundom
v0j4,Julian Valenzuela,Julian Valenzuela
d0cq,Julien De Cuyper,Julien De Cuyper
p0i8,Julien Penzlin,Julien Penzlin
c0kh,Julio Cesar Porras,Julio Cesar Porras
h0m9,Julius Maximilian Haus,Julius Maximilian Haus
b0i8,Juliusz Bienkiewicz,Juliusz Bienkiewicz
y235,Jumpei Yamasaki,Jumpei Yamasaki
l0ni,Jun Hao Luo,Jun Hao Luo
s0re,Juncheng Shang,Juncheng Shang
l0e5,Junhyeon Lee,Junhyeon Lee
r09x,Jurij Rodionov,Jurij Rodionov
t0bn,Justas Trainauskas,Justas Trainauskas
b0c7,Justin Barki,Justin Barki
b0f8,Justin Boulais,Justin Boulais
e0dd,Justin Engel,Justin Engel
l0no,Justin Lenders,Justin Lenders
rh17,Justin Roberts,Justin Roberts
s0e4,Justin Schlageter,Justin Schlageter
h0cp,Kabir Hans,Kabir Hans
k0nu,Kacper Knitter,Kacper Knitter
s0zf,Kacper Szymkowiak,Kacper Szymkowiak
h0gu,Kaeri Hernandez Mariona,Kaeri Hernandez Mariona
t0lc,Kai Thompson,Kai Thompson
w712,Kai Wehnelt,Kai Wehnelt
w0g2,Kai-An Wu,Kai-An Wu
w0ey,Kai-I Wang,Kai-I Wang
u120,Kaichi Uchida,Kaichi Uchida
k0pj,Kaigaoge Kang,Kaigaoge Kang
u174,Kaito Uesugi,Kaito Uesugi
i0ap,Kalin Ivanovski,Kalin Ivanovski
mq75,Kamil Majchrzak,Kamil Majchrzak
b0rn,Kane Bonsach Ganley,Kane Bonsach Ganley
s0ri,Karan Singh,Karan Singh
ke29,Karen Khachanov,Karen Khachanov
b0qq,Karim Bennani,Karim Bennani
i0b3,Karim Ibrahim,Karim Ibrahim
mj70,Karim-Mohamed Maamoun,Karim-Mohamed Maamoun
f09j,Karl Friberg,Karl Friberg
l0ka,Karl Kazuma Lee,Karl Kazuma Lee
p0c1,Karl Poling,Karl Poling
o0bq,Karlis Ozolins,Karlis Ozolins
k0dd,Karlo Kajin,Karlo Kajin
f0hn,Karol Filar,Karol Filar
m0rq,Karol Malirz,Karol Malirz
sm88,Karue Sell,Karue Sell
s1cy,Kase Schinnerer,Kase Schinnerer
s0hr,Kasidit Samrej,Kasidit Samrej
m1ah,Kaspar Mathes,Kaspar Mathes
r0k4,Kasra Rahmani,Kasra Rahmani
a0f7,Kaya Arinc,Kaya Arinc
b0pw,Kaylan Bigun,Kaylan Bigun
n934,Kazuki Nishiwaki,Kazuki Nishiwaki
ke85,Kazuma Kawachi,Kazuma Kawachi
h0m1,Keaton Hance,Keaton Hance
r0ji,Keegan Rice,Keegan Rice
s0dq,Keegan Smith,Keegan Smith
m0da,Keenan Mayo,Keenan Mayo
n552,Kei Nishikori,Kei Nishikori
s0ld,Keisuke Saitoh,Keisuke Saitoh
g0kx,Kelly Giese,Kelly Giese
d750,Kenny De Schepper,Kenny De Schepper
m0rx,Kenta Miyoshi,Kenta Miyoshi
y0b7,Kerem Yilmaz,Kerem Yilmaz
c0gg,Keshav Chopra,Keshav Chopra
e0d4,Kevin Edengren,Kevin Edengren
m0fn,Khololwam Montsi,Khololwam Montsi
sr81,Khumoyun Sultanov,Khumoyun Sultanov
v0g9,Kian Vakili,Kian Vakili
f0f4,Kilian Feldbausch,Kilian Feldbausch
cg33,Kimmer Coppejans,Kimmer Coppejans
p0ed,Kiranpal Pannu,Kiranpal Pannu
ki71,Kirill Kivattsev,Kirill Kivattsev
sj67,Ko Suzuki,Ko Suzuki
pl69,Kody Pearson,Kody Pearson
m0sb,Koki Matsuda,Koki Matsuda
i0ax,Kokoro Isomura,Kokoro Isomura
z0bu,Konstantin Zhzhenov,Konstantin Zhzhenov
ki91,Koray Kirci,Koray Kirci
h0k2,Kornel Halmos,Kornel Halmos
o09t,Kosuke Ogura,Kosuke Ogura
s0i1,Kosuke Shibano,Kosuke Shibano
t0il,Kriish Tyagi,Kriish Tyagi
va23,Kris Van Wyk,Kris Van Wyk
j0bq,Kristijan Juhas,Kristijan Juhas
tg67,Kristjan Tamm,Kristjan Tamm
ke42,Krittin Koaykul,Krittin Koaykul
lh70,Kuan-Yi Lee,Kuan-Yi Lee
x01d,Kuang Qing Xu,Kuang Qing Xu
p0p2,Kunanan Pantaratorn,Kunanan Pantaratorn
c0b9,Kuzey Cekirge,Kuzey Cekirge
e831,Kyle Edmund,Kyle Edmund
k0hl,Kyle Kang,Kyle Kang
o0bg,Kyle Overmyer,Kyle Overmyer
sz28,Kyle Seelig,Kyle Seelig
c0pl,Kylian Collignon,Kylian Collignon
j0az,Kyrian Jacquet,Kyrian Jacquet
m0zk,Lachlan James Mcfadzean,Lachlan James Mcfadzean
db63,Laslo Djere,Laslo Djere
p0ks,Lasse Poertner,Lasse Poertner
t0l3,Laurence Teunissen,Laurence Teunissen
lc12,Laurent Lokoli,Laurent Lokoli
a0e0,Laurin Aerne,Laurin Aerne
f0af,Lautaro Agustin Falabella,Lautaro Agustin Falabella
c0o5,Lautaro Correa Beguerie,Lautaro Correa Beguerie
m0oh,Lautaro Midon,Lautaro Midon
r0nr,Lautaro Rocha,Lautaro Rocha
bm09,Lawrence Bataljin,Lawrence Bataljin
v0b5,Lazar Vojinovic,Lazar Vojinovic
r0fs,Leandro Riedi,Leandro Riedi
t0ha,Learner Tien,Learner Tien
s0cv,Leevi Saatela,Leevi Saatela
c0tm,Lenny Couturier,Lenny Couturier
b0jg,Leo Borg,Leo Borg
d0j9,Leo Deflandre,Leo Deflandre
l0l7,Leo Lagarrigue,Leo Lagarrigue
r0hq,Leo Raquillet,Leo Raquillet
v0g6,Leo Vithoontien,Leo Vithoontien
s1ea,Leon Sloboda,Leon Sloboda
ag57,Leonardo Aboian,Leonardo Aboian
a0l8,Leonardo Angeloni,Leonardo Angeloni
b0m8,Leonardo Borrelli,Leonardo Borrelli
c0r1,Leonardo Cattaneo,Leonardo Cattaneo
i0bj,Leonardo Iemmi,Leonardo Iemmi
m0n4,Leonardo Malgaroli,Leonardo Malgaroli
p0ox,Leonardo Primucci,Leonardo Primucci
r0h6,Leonardo Rossi,Leonardo Rossi
s1dp,Leonardo Suarez,Leonardo Suarez
s0lf,Leonid Sheyngezikht,Leonid Sheyngezikht
s1d6,Lev Seidman,Lev Seidman
l0by,Lewie Lane,Lewie Lane
r0ew,Leyton Rivera,Leyton Rivera
tc01,Li Tu,Li Tu
b0m0,Liam Branger,Liam Branger
bi23,Liam Broady,Liam Broady
d0ia,Liam Delicata,Liam Delicata
d0dp,Liam Draxl,Liam Draxl
g0gz,Liam Gavrielides,Liam Gavrielides
h0h5,Liam Hignett,Liam Hignett
k0ir,Liam Krall,Liam Krall
m0gy,Lilian Marmousez,Lilian Marmousez
x01a,Linang Xiao,Linang Xiao
z0c5,Linghao Zhang,Linghao Zhang
z0a2,Lingxi Zhao,Lingxi Zhao
l0hy,Linus Lagerbohm,Linus Lagerbohm
hg86,Lloyd Harris,Lloyd Harris
l0im,Loan Lestir,Loan Lestir
m0qk,Loann Massard,Loann Massard
n0f3,Loic Namigandet Tenguere,Loic Namigandet Tenguere
b0q1,Loren Thomas Byers,Loren Thomas Byers
a0hz,Lorenzo Angelini,Lorenzo Angelini
b0z4,Lorenzo Balducci,Lorenzo Balducci
b0qk,Lorenzo Beraldo,Lorenzo Beraldo
b0am,Lorenzo Bocchi,Lorenzo Bocchi
c0ow,Lorenzo Carboni,Lorenzo Carboni
c0rx,Lorenzo Comino,Lorenzo Comino
f0dw,Lorenzo Ferri,Lorenzo Ferri
g0d4,Lorenzo Gagliardo,Lorenzo Gagliardo
ga79,Lorenzo Giustino,Lorenzo Giustino
r0bc,Lorenzo Joaquin Rodriguez,Lorenzo Joaquin Rodriguez
l0g4,Lorenzo Lorusso,Lorenzo Lorusso
m0ej,Lorenzo Musetti,Lorenzo Musetti
r0b6,Lorenzo Rottoli,Lorenzo Rottoli
s0w4,Lorenzo Sciahbasi,Lorenzo Sciahbasi
su87,Lorenzo Sonego,Lorenzo Sonego
d09l,Louis Dussin,Louis Dussin
h0b3,Louis Herman,Louis Herman
l0io,Louis Larue,Louis Larue
tg42,Louis Tessa,Louis Tessa
v0as,Louis Van Herck,Louis Van Herck
wb25,Louis Wessels,Louis Wessels
fc50,Luc Fomba,Luc Fomba
k0ge,Luc Koenig,Luc Koenig
c0hv,Luca Castagnola,Luca Castagnola
ch80,Luca Castelnuovo,Luca Castelnuovo
f0e4,Luca Fantini,Luca Fantini
n0bg,Luca Nardi,Luca Nardi
p0ik,Luca Parenti,Luca Parenti
p0b2,Luca Potenza,Luca Potenza
p0jl,Luca Pow,Luca Pow
p0me,Luca Preda,Luca Preda
s0h1,Luca Staeheli,Luca Staeheli
v0dz,Luca Van Assche,Luca Van Assche
w09t,Luca Wiedenmann,Luca Wiedenmann
a0l6,Lucas Andrade Da Silva,Lucas Andrade Da Silva
bu32,Lucas Bouquet,Lucas Bouquet
gf23,Lucas Gerch,Lucas Gerch
m0wz,Lucas Marionneau,Lucas Marionneau
pj74,Lucas Poullain,Lucas Poullain
h0hc,Lucca Helguera Casado,Lucca Helguera Casado
l0m6,Lucca Liu,Lucca Liu
p0iu,Lucca Pinto,Lucca Pinto
c0c5,Luciano Carraro,Luciano Carraro
d0fj,Luciano Darderi,Luciano Darderi
a0ik,Luciano Emanuel Ambrogi,Luciano Emanuel Ambrogi
r0hp,Lucio Ratti,Lucio Ratti
k0kn,Lucky Candra Kurniawan,Lucky Candra Kurniawan
m0nj,Lui Maxted,Lui Maxted
f0j4,Luis Andres Flores Avila,Luis Andres Flores Avila
a0iy,Luis Carlos Alvarez,Luis Carlos Alvarez
mf70,Luis David Martinez,Luis David Martinez
m0ot,Luis Felipe Miguel,Luis Felipe Miguel
g0o2,Luis Garcia Paez,Luis Garcia Paez
n0f1,Luis Jose Nakamine,Luis Jose Nakamine
b0uf,Luka Bojicic Ono,Luka Bojicic Ono
m0n1,Luka Mikrut,Luka Mikrut
p0ay,Luka Pavlovic,Luka Pavlovic
t0jm,Luka Talan Lopatic,Luka Talan Lopatic
h0bc,Lukas Hellum-Lilleengen,Lukas Hellum-Lilleengen
ki63,Lukas Klein,Lukas Klein
n0cs,Lukas Neumayer,Lukas Neumayer
p0hp,Lukas Pokorny,Lukas Pokorny
h0l8,Luke Hooper,Luke Hooper
s0ao,Luke Simkiss,Luke Simkiss
m0d4,M Rifki Fitriadi,M Rifki Fitriadi
k0mw,Maan Kesharwani,Maan Kesharwani
v0j6,Mac Visser,Mac Visser
m0ry,Maciej Matuszczyk,Maciej Matuszczyk
ra43,Maciej Rajski,Maciej Rajski
mk66,Mackenzie McDonald,Mackenzie McDonald
k0hm,Madhwin Kamath,Madhwin Kamath
m0to,Mae Malige,Mae Malige
c0u6,Mahmoud Chetouane,Mahmoud Chetouane
s0gf,Maik Steiner,Maik Steiner
d0hb,Maikel De Boes,Maikel De Boes
m0u5,Mak Mikovic,Mak Mikovic
k0j6,Makar Krivoshchekov,Makar Krivoshchekov
o664,Makoto Ochi,Makoto Ochi
k0hc,Maks Kasnikowski,Maks Kasnikowski
d0ox,Malanqi Du,Malanqi Du
d0ji,Manas Dhamne,Manas Dhamne
l0kr,Manel Lazaro Juncadella,Manel Lazaro Juncadella
sy74,Manish Sureshkumar,Manish Sureshkumar
gh33,Manuel Guinard,Manuel Guinard
m0en,Manuel Mazza,Manuel Mazza
m0nz,Manuel Mouilleron Salvo,Manuel Mouilleron Salvo
p0ln,Manuel Plunger,Manuel Plunger
si82,Manuel Sanchez,Manuel Sanchez
b0w4,Manvydas Balciunas,Manvydas Balciunas
s0mn,Marat Sharipov,Marat Sharipov
m0v5,Marc Majdandzic,Marc Majdandzic
pg94,Marc Polmans,Marc Polmans
v0in,Marc Van Der Merwe,Marc Van Der Merwe
hh06,Marc-Andrea Huesler,Marc-Andrea Huesler
k0i7,Marcel Kamrowski,Marcel Kamrowski
l0o6,Marcel Latak,Marcel Latak
z0c9,Marcel Zielinski,Marcel Zielinski
s0rf,Marcello Serafini,Marcello Serafini
a0mb,Marcin Andrzejczak,Marcin Andrzejczak
cf01,Marco Cecchinato,Marco Cecchinato
f0dd,Marco Furlanetto,Marco Furlanetto
m1bk,Marco Migliorati,Marco Migliorati
ta29,Marco Trungelliti,Marco Trungelliti
c0q8,Marcos Castro Fabra,Marcos Castro Fabra
gc88,Marcos Giron,Marcos Giron
w719,Marcus Walters,Marcus Walters
g09c,Marek Gengel,Marek Gengel
d0ku,Mariano Dedura-Palomero,Mariano Dedura-Palomero
ke69,Mariano Kestelboim,Mariano Kestelboim
n0bs,Mariano Navone,Mariano Navone
t0g2,Mariano Tammaro,Mariano Tammaro
c977,Marin Cilic,Marin Cilic
g0g2,Mario Gonzalez Fernandez,Mario Gonzalez Fernandez
m0ee,Mario Mansilla Diez,Mario Mansilla Diez
m0xa,Mario Martinez Serrano,Mario Martinez Serrano
h0gi,Mark Havlicek,Mark Havlicek
l0gh,Mark Lajal,Mark Lajal
w716,Mark Whitehouse,Mark Whitehouse
m0no,Marko Maksimovic,Marko Maksimovic
m0t3,Marko Mesarovic,Marko Mesarovic
m0cg,Marko Miladinovic,Marko Miladinovic
m0xd,Marko Milosavljevic,Marko Milosavljevic
t0fi,Marko Topo,Marko Topo
kd48,Markos Kalovelonis,Markos Kalovelonis
m0vh,Markus Malaszszak,Markus Malaszszak
m0w0,Markus Molder,Markus Molder
v0bp,Marlon Vankan,Marlon Vankan
v0do,Martin Antonio Vergara Del Puerto,Martin Antonio Vergara Del Puerto
b0a1,Martin Borisiouk,Martin Borisiouk
d0dt,Martin Damm,Martin Damm
d0no,Martin Doskocil,Martin Doskocil
k966,Martin Klizan,Martin Klizan
k0fy,Martin Krumich,Martin Krumich
l0il,Martin Landaluce,Martin Landaluce
m0k6,Martin Maldonado,Martin Maldonado
s0rh,Martin Sabas,Martin Sabas
v0bs,Martin Van Der Meerschen,Martin Van Der Meerschen
r0ct,Martins Rocens,Martins Rocens
f724,Marton Fucsovics,Marton Fucsovics
p0ig,Martyn Pawelski,Martyn Pawelski
s0ce,Marvin Bernardo Spiering,Marvin Bernardo Spiering
m0bn,Marvin Moeller,Marvin Moeller
i426,Masamichi Imamura,Masamichi Imamura
n0ag,Mason Naumovski,Mason Naumovski
g0i3,Massimo Giunta,Massimo Giunta
v0et,Matas Vasiliauskas,Matas Vasiliauskas
va70,Mate Valkusz,Mate Valkusz
b0tt,Matei Florin Breazu,Matei Florin Breazu
t0hn,Matei Todoran,Matei Todoran
v0jw,Matei Varbanciu,Matei Varbanciu
d0l3,Matej Dodig,Matej Dodig
b0e4,Mateo Barreiros Reyes,Mateo Barreiros Reyes
c0su,Mateo Carballo,Mateo Carballo
c0lg,Mateo Castañeda,Mateo Castañeda
d0hz,Mateo Del Pino,Mateo Del Pino
d0ar,Mateus Alves,Mateus Alves
s1a6,Mateya Stanisavljevic,Mateya Stanisavljevic
p0df,Matheus Pucinelli De Almeida,Matheus Pucinelli De Almeida
bk19,Mathias Bourgue,Mathias Bourgue
s09b,Mathieu Scaglia,Mathieu Scaglia
b0m7,Mathis Bondaz,Mathis Bondaz
d0lz,Mathys Domenc,Mathys Domenc
e0ac,Mathys Erhard,Mathys Erhard
p0qh,Mathys Picard,Mathys Picard
p0i4,Matias Ponce De Leon Gomila,Matias Ponce De Leon Gomila
s0ek,Matias Soto,Matias Soto
h0jq,Matic Hribar,Matic Hribar
k0jy,Matic Kriznik,Matic Kriznik
ph42,Matija Pecotic,Matija Pecotic
b0pn,Matisse Bobichon,Matisse Bobichon
f0ig,Matisse Farzam,Matisse Farzam
rh62,Mats Rosenkranz,Mats Rosenkranz
h0hs,Matt Hulme,Matt Hulme
k0o6,Matt Kleiman,Matt Kleiman
k0em,Matt Kuhar,Matt Kuhar
p0iv,Matt Ponchet,Matt Ponchet
a0fc,Matteo Arnaldi,Matteo Arnaldi
bk40,Matteo Berrettini,Matteo Berrettini
c0px,Matteo Covato,Matteo Covato
dh35,Matteo De Vincentis,Matteo De Vincentis
f0gu,Matteo Fondriest,Matteo Fondriest
g0gd,Matteo Gigante,Matteo Gigante
g0qb,Matteo Gribaldo,Matteo Gribaldo
l0jc,Matteo Lavizzari,Matteo Lavizzari
mw76,Matteo Martineau,Matteo Martineau
m0ws,Matteo Mesaglio,Matteo Mesaglio
s1az,Matteo Sciahbasi,Matteo Sciahbasi
c0up,Matthew Carroll,Matthew Carroll
d0a2,Matthew Dellavedova,Matthew Dellavedova
f0i8,Matthew Forbes,Matthew Forbes
r0hx,Matthew Rankin,Matthew Rankin
s0im,Matthew Segura,Matthew Segura
s0y7,Matthew Summers,Matthew Summers
t0bh,Matthew Thomson,Matthew Thomson
d0hm,Matthew William Donald,Matthew William Donald
u0a3,Matthias Ujvary,Matthias Ujvary
b0gg,Mattia Bellucci,Mattia Bellucci
n0g6,Mattia Nannelli,Mattia Nannelli
p0ot,Mattias Pisanu,Mattias Pisanu
c0gu,Matyas Cerny,Matyas Cerny
f09u,Matyas Fuele,Matyas Fuele
s1cx,Mauricio Schtulmann Gasca,Mauricio Schtulmann Gasca
a0ea,Max Alcala Gurri,Max Alcala Gurri
b0je,Max Basing,Max Basing
d0i5,Max Dahlin,Max Dahlin
r0ed,Max Hans Rehberg,Max Hans Rehberg
h0cx,Max Houkes,Max Houkes
s0vu,Max Schoenhaus,Max Schoenhaus
s0tj,Max Sheldon,Max Sheldon
w0bb,Max Wiskandt,Max Wiskandt
b0a0,Maxence Beauge,Maxence Beauge
b0bz,Maxence Bertimon,Maxence Bertimon
r0ib,Maxence Rivet,Maxence Rivet
c0sk,Maxi Carrascosa Diaz,Maxi Carrascosa Diaz
g0pq,Maxim Groysman,Maxim Groysman
m0se,Maxim Mrva,Maxim Mrva
s0uu,Maxim Shin,Maxim Shin
z0c3,Maxim Zhukov,Maxim Zhukov
cd00,Maxime Chazal,Maxime Chazal
c0bc,Maxime Cressy,Maxime Cressy
j620,Maxime Janvier,Maxime Janvier
b0xe,Maximilian Borisov,Maximilian Borisov
f0fb,Maximilian Figl,Maximilian Figl
h0gk,Maximilian Homberg,Maximilian Homberg
mn13,Maximilian Marterer,Maximilian Marterer
n663,Maximilian Neuchrist,Maximilian Neuchrist
o0d2,Maximilian Oezcelik,Maximilian Oezcelik
t0de,Maximilian Todorov,Maximilian Todorov
z0co,Maximo Zeitune,Maximo Zeitune
j0d2,Maximus Jones,Maximus Jones
w0en,Maximus Zavier Wong,Maximus Zavier Wong
e0dp,Maxwell Exsted,Maxwell Exsted
m0i0,Maxwell Mckennon,Maxwell Mckennon
r0kd,Mees Rottgering,Mees Rottgering
b0m1,Mehdi Benchakroun,Mehdi Benchakroun
a0lv,Melih Anavatan,Melih Anavatan
ea31,Melios Efstathiou,Melios Efstathiou
k0n5,Melvin Kumar,Melvin Kumar
a09q,Mert Alkaya,Mert Alkaya
td49,Mert Naci Turker,Mert Naci Turker
b0j8,Micah Braswell,Micah Braswell
a0ja,Michael Agwi,Michael Agwi
a0o1,Michael Antonius,Michael Antonius
b0lv,Michael Bassem Sobhy,Michael Bassem Sobhy
gg65,Michael Geerts,Michael Geerts
g0ei,Michael Gloeckler,Michael Gloeckler
mp01,Michael Mmoh,Michael Mmoh
v0b2,Michael Vrbensky,Michael Vrbensky
z0bz,Michael Zheng,Michael Zheng
z350,Michael Zhu,Michael Zhu
k0l1,Michal Krajci,Michal Krajci
m0mu,Michal Novansky,Michal Novansky
s0g3,Michalis Sakellaridis,Michalis Sakellaridis
h0gw,Michel Hopp,Michel Hopp
m0xl,Michele Mecarelli,Michele Mecarelli
r0jw,Michele Ribecai,Michele Ribecai
dh55,Michiel De Krom,Michiel De Krom
k0nt,Mickael Kaouk,Mickael Kaouk
d0cn,Miguel Damas,Miguel Damas
t0i3,Miguel Tobon,Miguel Tobon
v0gb,Miha Vetrih,Miha Vetrih
c0ke,Mihai Alexandru Coman,Mihai Alexandru Coman
m0ho,Mihai Razvan Marinescu,Mihai Razvan Marinescu
b0lw,Mika Brunold,Mika Brunold
l0gj,Mika Lipp,Mika Lipp
p0o9,Mika Petkovic,Mika Petkovic
a0k4,Mikael Arseneault,Mikael Arseneault
y268,Mikael Ymer,Mikael Ymer
a0hk,Mikail Alimli,Mikail Alimli
sg78,Mikal Statham,Mikal Statham
hh15,Mikalai Haliak,Mikalai Haliak
m0nf,Mikel Martinez,Mikel Martinez
d0k1,Mikhail Dubrouski,Mikhail Dubrouski
k926,Mikhail Kukushkin,Mikhail Kukushkin
l0du,Mikolaj Lorens,Mikolaj Lorens
w0an,Milan Welte,Milan Welte
c0q5,Miles Clark,Miles Clark
j0ai,Miles Jones,Miles Jones
p0gq,Mili Poljicak,Mili Poljicak
h0ei,Millen Hurrion,Millen Hurrion
k0hg,Milos Karol,Milos Karol
m0nk,Milos Mikovic,Milos Mikovic
k0q7,Min Ho Ko,Min Ho Ko
z0d7,Minghui Zhang,Minghui Zhang
m0fx,Minjong Park,Minjong Park
ki95,Miomir Kecmanovic,Miomir Kecmanovic
be67,Mirza Basic,Mirza Basic
kc12,Mitchell Krueger,Mitchell Krueger
l0i5,Mitsuki Wei Kang Leong,Mitsuki Wei Kang Leong
m0qj,Moein Moazam,Moein Moazam
b0ek,Moerani Bouzige,Moerani Bouzige
ea13,Moez Echargui,Moez Echargui
a0fu,Mohamed Ali Abibsi,Mohamed Ali Abibsi
mn49,Mohamed Nazim Makhlouf,Mohamed Nazim Makhlouf
sk47,Mohamed Safwat,Mohamed Safwat
a0kf,Mohammad Alkotop,Mohammad Alkotop
k0o4,Moise Kouame,Moise Kouame
k0iv,Moritz Kudernatsch,Moritz Kudernatsch
a0n5,Motoharu Abe,Motoharu Abe
mp13,Mukund Sasikumar,Mukund Sasikumar
dc48,Murkel Dellien,Murkel Dellien
c0ht,Murphy Cassone,Murphy Cassone
s1d0,Mustafa Ege Sik,Mustafa Ege Sik
m0fs,Muzammil Murtaza,Muzammil Murtaza
mw69,Mwendwa Mbithi,Mwendwa Mbithi
n707,Naoki Nakagawa,Naoki Nakagawa
t0b4,Naoki Tajima,Naoki Tajima
h0j1,Naoya Honda,Naoya Honda
r0ek,Natan Rodrigues,Natan Rodrigues
b0qd,Nathan Anthony Barki,Nathan Anthony Barki
c0t8,Nathan Cox,Nathan Cox
ph67,Nathan Ponwith,Nathan Ponwith
t0fw,Nathan Trouve,Nathan Trouve
d0o8,Nav Dayal,Nav Dayal
o0ad,Neil Oberleitner,Neil Oberleitner
m0de,Nemanja Malesevic,Nemanja Malesevic
n0da,Neo Niedner,Neo Niedner
f840,Nerman Fatic,Nerman Fatic
mw37,Nicaise Muamba,Nicaise Muamba
b0jl,Niccolo Baroni,Niccolo Baroni
c0c1,Niccolo Catini,Niccolo Catini
c0ko,Niccolò Ciavarella,Niccolò Ciavarella
i0a7,Nicholas David Ionel,Nicholas David Ionel
g0jc,Nicholas Godsick,Nicholas Godsick
s1bn,Nicholas Steiglehner,Nicholas Steiglehner
cf10,Nick Chappell,Nick Chappell
h0a4,Nick Hardt,Nick Hardt
ke17,Nick Kyrgios,Nick Kyrgios
h0i7,Nico Hipfl,Nico Hipfl
i0bw,Nicola Ion,Nicola Ion
ki74,Nicola Kuhn,Nicola Kuhn
r0b3,Nicola Rispoli,Nicola Rispoli
s1be,Nicola Senn,Nicola Senn
b0u4,Nicolai Budkov Kjaer,Nicolai Budkov Kjaer
a09u,Nicolas Alvarez Varona,Nicolas Alvarez Varona
a0k3,Nicolas Arseneault,Nicolas Arseneault
b0yb,Nicolas Baena,Nicolas Baena
bc76,Nicolas Barrientos,Nicolas Barrientos
bu64,Nicolas Bruna,Nicolas Bruna
r0er,Nicolas Esteban Rico Arias,Nicolas Esteban Rico Arias
g0kv,Nicolas Garcia Longo,Nicolas Garcia Longo
h0gm,Nicolas Hollender,Nicolas Hollender
h0mb,Nicolas Hurtado Novoa,Nicolas Hurtado Novoa
k0lx,Nicolas Ian Kotzen,Nicolas Ian Kotzen
i0br,Nicolas Ifi,Nicolas Ifi
j0dl,Nicolas Jadoun,Nicolas Jadoun
j551,Nicolas Jarry,Nicolas Jarry
kc29,Nicolas Kicker,Nicolas Kicker
k0jb,Nicolas Kobelt,Nicolas Kobelt
m0aw,Nicolas Mejia,Nicolas Mejia
mw18,Nicolas Moreno De Alboran,Nicolas Moreno De Alboran
o0cl,Nicolas Oliveira,Nicolas Oliveira
pm12,Nicolas Parizzia,Nicolas Parizzia
g0j6,Nicolas Rafael Goldberg Alviani,Nicolas Rafael Goldberg Alviani
r0i9,Nicolas Robert,Nicolas Robert
t0bd,Nicolas Tepmahc,Nicolas Tepmahc
v0f6,Nicolas Villalon,Nicolas Villalon
z0by,Nicolas Zanellato,Nicolas Zanellato
t0hw,Nicolo Toffanin,Nicolo Toffanin
le38,Niels Lootsma,Niels Lootsma
m0xq,Niels McDonald,Niels McDonald
v0c2,Niels Peter Van Noord,Niels Peter Van Noord
r0lr,Niels Ratiu,Niels Ratiu
v0d0,Niels Visker,Niels Visker
m0s4,Nik Mikovic,Nik Mikovic
b0v0,Nikita Bilozertsev,Nikita Bilozertsev
i0b1,Nikita Ianin,Nikita Ianin
mw62,Nikita Mashtakov,Nikita Mashtakov
f0hz,Nikita Samuel Filin,Nikita Samuel Filin
v0d2,Nikita Volonski,Nikita Volonski
g0ci,Niklas Guttau,Niklas Guttau
n0gp,Niklas Niggemann,Niklas Niggemann
sz36,Niklas Schell,Niklas Schell
w0br,Niklas Waldner,Niklas Waldner
b0hd,Nikola Basic,Nikola Basic
d0jh,Nikola Djosic,Nikola Djosic
d0m5,Nikola Djukic Valera,Nikola Djukic Valera
j0ed,Nikola Jovic,Nikola Jovic
s0kg,Nikola Slavic,Nikola Slavic
b0w9,Nikolai Barsukov,Nikolai Barsukov
s0gz,Nikolas Sanchez Izquierdo,Nikolas Sanchez Izquierdo
s1dh,Nikolas Stoot,Nikolas Stoot
v0bd,Nikolay Vylegzhanin,Nikolay Vylegzhanin
bg23,Nikoloz Basilashvili,Nikoloz Basilashvili
l0hq,Nikos Lehmann,Nikos Lehmann
e0bo,Nino Ehrenschneider,Nino Ehrenschneider
sp80,Nino Serdarusic,Nino Serdarusic
b0nn,Nishesh Basavareddy,Nishesh Basavareddy
sy50,Nitin Kumar Sinha,Nitin Kumar Sinha
v0es,Noa Vukadin,Noa Vukadin
b0wt,Noah Brownrigg,Noah Brownrigg
j0fk,Noah Johnston,Noah Johnston
k0n9,Noah Karma,Noah Karma
l0g1,Noah Lopez,Noah Lopez
l0ju,Noah Lopez Cherubino,Noah Lopez Cherubino
m1a4,Noah Martens,Noah Martens
p0jk,Noah Perfetti,Noah Perfetti
r0hd,Noah Regas Luis,Noah Regas Luis
s0jb,Noah Schachter,Noah Schachter
s0sn,Noah Schlagenhauf,Noah Schlagenhauf
t0dn,Noah Thurner,Noah Thurner
z0ce,Noah Zamora,Noah Zamora
l0ch,Noel Larwig,Noel Larwig
n0bl,Noppadol Noikor,Noppadol Noikor
gb93,Norbert Gombos,Norbert Gombos
m0wk,Norbert Marosik,Norbert Marosik
k0mb,Noritaka Koizumi,Noritaka Koizumi
d643,Novak Djokovic,Novak Djokovic
n0dh,Novak Novakovic,Novak Novakovic
bt72,Nuno Borges,Nuno Borges
s0v8,Ofek Shimanov,Ofek Shimanov
m0ur,Ognjen Milic,Ognjen Milic
p0it,Olaf Pieczkowski,Olaf Pieczkowski
pl64,Oleg Prihodko,Oleg Prihodko
o0be,Oleksandr Ovcharenko,Oleksandr Ovcharenko
k0dp,Oleksii Krutykh,Oleksii Krutykh
ad23,Oliver Anderson,Oliver Anderson
s1fs,Oliver Andre Solis Encinas,Oliver Andre Solis Encinas
b0vf,Oliver Bonding,Oliver Bonding
c0ak,Oliver Crawford,Oliver Crawford
j0bu,Oliver Johansson,Oliver Johansson
o0ci,Oliver Ojakaar,Oliver Ojakaar
o0bc,Oliver Okonkwo,Oliver Okonkwo
t0gr,Oliver Tarvet,Oliver Tarvet
w0bu,Olle Wallin,Olle Wallin
b0mi,Omar Brigida,Omar Brigida
j553,Omar Jasika,Omar Jasika
h0ds,Ondrej Horak,Ondrej Horak
k0ho,Orel Kimhi,Orel Kimhi
v0gg,Oren Vasser,Oren Vasser
f0fp,Oriol Font,Oriol Font
rb60,Oriol Roca Batalla,Oriol Roca Batalla
lf26,Orlando Luz,Orlando Luz
b0zk,Oscar Brown,Oscar Brown
gc17,Oscar Jose Gutierrez,Oscar Jose Gutierrez
l0je,Oscar Lacides,Oscar Lacides
m0es,Oscar Moraing,Oscar Moraing
o449,Oscar Otte,Oscar Otte
p0g7,Oscar Pinto Sansano,Oscar Pinto Sansano
w0ax,Oscar Weightman,Oscar Weightman
p0in,Oskar Brostrom Poulsen,Oskar Brostrom Poulsen
g0mb,Oskar Grzegorzewski,Oskar Grzegorzewski
j0e3,Oskar Jansson,Oskar Jansson
e0d6,Oskari Eerola,Oskari Eerola
p0n6,Oskari Paldanius,Oskari Paldanius
r0mh,Oswaldo Alejandro Reyes Tirado,Oswaldo Alejandro Reyes Tirado
v0am,Otto Virtanen,Otto Virtanen
c0hx,Ozan Baris,Ozan Baris
a0lf,Pablo Aunion,Pablo Aunion
cd85,Pablo Carreno Busta,Pablo Carreno Busta
l0cx,Pablo Llamas Ruiz,Pablo Llamas Ruiz
m0o6,Pablo Martinez Gomez,Pablo Martinez Gomez
m0j2,Pablo Masjuan Ginel,Pablo Masjuan Ginel
r0mo,Pablo Robledo,Pablo Robledo
t0hs,Pablo Trochu,Pablo Trochu
ag64,Parth Aggarwal,Parth Aggarwal
a714,Patricio Alvarado,Patricio Alvarado
b0nv,Patrick Brady,Patrick Brady
j0fd,Patrick Jozwicki,Patrick Jozwicki
k0a3,Patrick Kypson,Patrick Kypson
m0re,Patrick Maloney,Patrick Maloney
s0wx,Patrick Schoen,Patrick Schoen
z09f,Patrick Zahraj,Patrick Zahraj
h0ie,Patrik Homola,Patrik Homola
m0x3,Patrik Munkhammar,Patrik Munkhammar
n754,Patrik Niklas-Salminen,Patrik Niklas-Salminen
t0j0,Patrik Trhac,Patrik Trhac
b0py,Paul Barbier Gazeu,Paul Barbier Gazeu
i0b6,Paul Inchauspe,Paul Inchauspe
j0a4,Paul Jubb,Paul Jubb
s0iv,Paulo Andre Saraiva Dos Santos,Paulo Andre Saraiva Dos Santos
k09f,Pavel Kotov,Pavel Kotov
l0n0,Pavel Lagutin,Pavel Lagutin
m0te,Pavle Marinkov,Pavle Marinkov
t0ge,Pavlos Tsitsipas,Pavlos Tsitsipas
cf60,Pawel Juszczak,Pawel Juszczak
s0vo,Pawit Sornlaksup,Pawit Sornlaksup
d0kr,Pedro Andre De Almeida Santos,Pedro Andre De Almeida Santos
a0es,Pedro Araujo,Pedro Araujo
b0fi,Pedro Boscardin Dias,Pedro Boscardin Dias
cg04,Pedro Cachin,Pedro Cachin
c0to,Pedro Henrique Chabalgoity,Pedro Henrique Chabalgoity
mo44,Pedro Martinez,Pedro Martinez
r0h2,Pedro Rodenas,Pedro Rodenas
r0jh,Pedro Rodrigues,Pedro Rodrigues
sl94,Pedro Sakamoto,Pedro Sakamoto
v09t,Pedro Vives Marcos,Pedro Vives Marcos
p0id,Peetu Pohjola,Peetu Pohjola
l0cs,Pengyu Lu,Pengyu Lu
c0sw,Penn Charusorn,Penn Charusorn
b0tk,Pepijn Bastiaansen,Pepijn Bastiaansen
j0cs,Petar Jovanovic,Petar Jovanovic
a0l4,Peter Alam,Peter Alam
p0gp,Peter Benjamin Privara,Peter Benjamin Privara
bp79,Peter Bertran,Peter Bertran
b0pd,Peter Buldorini,Peter Buldorini
f0dp,Peter Fajta,Peter Fajta
m0dy,Peter Makk,Peter Makk
s0gw,Peter Sallay,Peter Sallay
b0lq,Petr Bar Biryukov,Petr Bar Biryukov
b0ov,Petr Brunclik,Petr Brunclik
mi33,Petr Michnev,Petr Michnev
n0cj,Petr Nesterov,Petr Nesterov
tg77,Petros Tsitsipas,Petros Tsitsipas
h0bf,Philip Henning,Philip Henning
h0ce,Philip Hjorth,Philip Hjorth
s0ti,Philip Sekulic,Philip Sekulic
r0lq,Philippe Renard,Philippe Renard
j0dk,Phillip Jordan,Phillip Jordan
p0mh,Photos Photiades,Photos Photiades
b0vx,Pierluigi Basile,Pierluigi Basile
f0j3,Pierre Antoine Faut,Pierre Antoine Faut
t0fo,Pierre Antoine Tailleu,Pierre Antoine Tailleu
d0db,Pierre Delage,Pierre Delage
n0h3,Pierre Ngijol Carre,Pierre Ngijol Carre
b0m3,Pierre Yves Bailly,Pierre Yves Bailly
h996,Pierre-Hugues Herbert,Pierre-Hugues Herbert
p0nt,Piet Luis Pinter,Piet Luis Pinter
d0lk,Pieter De Lange,Pieter De Lange
f0bp,Pietro Fellin,Pietro Fellin
g0qr,Pietro Gava,Pietro Gava
m0k2,Pietro Marino,Pietro Marino
p0hl,Pietro Pampanin,Pietro Pampanin
s0i7,Pietro Romeo Scomparin,Pietro Romeo Scomparin
v0fd,Pijus Vaitiekunas,Pijus Vaitiekunas
m0ea,Pol Martin Tiffon,Pol Martin Tiffon
k0js,Pranav Kumar,Pranav Kumar
b0g6,Preston Brown,Preston Brown
s0tt,Preston Stearns,Preston Stearns
s0jv,Qian Sun,Qian Sun
w0ez,Qiulin Wang,Qiulin Wang
hb64,Quentin Halys,Quentin Halys
v0dg,Quinn Vandecasteele,Quinn Vandecasteele
m0n2,Radovan Michalik,Radovan Michalik
a829,Radu Albot,Radu Albot
t0jz,Radu David Turcanu,Radu David Turcanu
p0fj,Radu Mihai Papoe,Radu Mihai Papoe
g0qs,Rafael Augusto Garcia Finetto,Rafael Augusto Garcia Finetto
d0jm,Rafael De Alba,Rafael De Alba
g0f9,Rafael Giotis,Rafael Giotis
i09u,Rafael Izquierdo Luque,Rafael Izquierdo Luque
j0dz,Rafael Jodar,Rafael Jodar
k0h9,Rafael Kis Balazs,Rafael Kis Balazs
s0tz,Rafael Segado Esteve,Rafael Segado Esteve
t0ch,Rafael Tosetto,Rafael Tosetto
j0af,Raghav Jaisinghani,Raghav Jaisinghani
d0ef,Rahul Dhokia,Rahul Dhokia
s1fv,Rajat Shirur,Rajat Shirur
o0eo,Ramazan Kaan Oktay,Ramazan Kaan Oktay
a0li,Ramiro Amarilla,Ramiro Amarilla
rb56,Ramkumar Ramanathan,Ramkumar Ramanathan
c0jp,Raphael Collignon,Raphael Collignon
p0mg,Raphael Perot,Raphael Perot
v0i5,Raphael Vaksmann,Raphael Vaksmann
p0ms,Rares Teodor Pieleanu,Rares Teodor Pieleanu
bv24,Raul Brancaccio,Raul Brancaccio
b0pu,Reda Bennani,Reda Bennani
f0e0,Reece Falck,Reece Falck
sy72,Reese Stalder,Reese Stalder
s0uv,Rei Sakamoto,Rei Sakamoto
j0fs,Reid Jarvis,Reid Jarvis
o522,Reilly Opelka,Reilly Opelka
k0m3,Rein Koenders,Rein Koenders
bu70,Remy Bertola,Remy Bertola
d0or,Remy Dugardin,Remy Dugardin
n786,Ren Nakamura,Ren Nakamura
td55,Renta Tokuda,Renta Tokuda
o376,Renzo Olivo,Renzo Olivo
s19t,Rethin Pranav Senthil Kumar,Rethin Pranav Senthil Kumar
l0o2,Rhys Lawlor,Rhys Lawlor
n0gm,Ricard Novell,Ricard Novell
be90,Ricardas Berankis,Ricardas Berankis
rb00,Ricardo Rodriguez - Pace,Ricardo Rodriguez - Pace
a0nu,Richard Antoni,Richard Antoni
g628,Richard Gasquet,Richard Gasquet
z0b7,Richard Zusman,Richard Zusman
tg30,Rigele Te,Rigele Te
n0fs,Rihards Neimanis,Rihards Neimanis
t0gs,Riku Takahata,Riku Takahata
h0bh,Rinky Hijikata,Rinky Hijikata
n09u,Rio Noguchi,Rio Noguchi
rh87,Rishi Reddy,Rishi Reddy
j0d3,Roan Jones,Roan Jones
g0kq,Robert Guna,Robert Guna
s0gv,Robert Strombachs,Robert Strombachs
bd06,Roberto Bautista Agut,Roberto Bautista Agut
cf59,Roberto Carballes Baena,Roberto Carballes Baena
cf88,Roberto Cid Subervi,Roberto Cid Subervi
f0gr,Roberto Ferrer Guimaraes,Roberto Ferrer Guimaraes
p0no,Roberto Perez Socas,Roberto Perez Socas
b0jj,Robin Bertrand,Robin Bertrand
c0jt,Robin Catry,Robin Catry
p0gd,Rocco Piatti,Rocco Piatti
v0hb,Rocco Valente,Rocco Valente
j417,Rodolfo Jauregui Sainz de Rozas,Rodolfo Jauregui Sainz de Rozas
a0kh,Rodrigo Alujas,Rodrigo Alujas
f0hb,Rodrigo Fernandes,Rodrigo Fernandes
p0j1,Rodrigo Pacheco Mendez,Rodrigo Pacheco Mendez
r0if,Rodrigo Reyna,Rodrigo Reyna
p0k3,Roger Pascual Ferra,Roger Pascual Ferra
m0n5,Rohan Mehra,Rohan Mehra
m0or,Rohan Murali,Rohan Murali
a0mm,Romain Andres,Romain Andres
f0f0,Romain Faucon,Romain Faucon
g0gf,Romain Gales,Romain Gales
b0fv,Roman Andres Burruchaga,Roman Andres Burruchaga
k0ob,Roman Kharlamov,Roman Kharlamov
p0dh,Roman Postolka,Roman Postolka
sx50,Roman Safiullin,Roman Safiullin
a0k7,Romeo Arcuschin,Romeo Arcuschin
h0cu,Ronald Hohmann,Ronald Hohmann
k0oy,Ronit Karki,Ronit Karki
m0ac,Rudolf Molleker,Rudolf Molleker
q02o,Rudy Quan,Rudy Quan
s0yj,Ruslan Serazhetdinov,Ruslan Serazhetdinov
t0gk,Ruslan Tiukaev,Ruslan Tiukaev
a0iq,Ryan Augusto Dos Santos,Ryan Augusto Dos Santos
c0kv,Ryan Colby,Ryan Colby
d0in,Ryan Dickerson,Ryan Dickerson
f0hi,Ryan Fishback,Ryan Fishback
h624,Ryan Haviland,Ryan Haviland
sy31,Ryan James Storrie,Ryan James Storrie
n0b4,Ryan Nijboer,Ryan Nijboer
ph78,Ryan Peniston,Ryan Peniston
s0dl,Ryan Seggerman,Ryan Seggerman
t0la,Ryan Torres,Ryan Torres
j0au,Ryder Jackson,Ryder Jackson
t0k1,Ryo Tabata,Ryo Tabata
tg46,Ryota Tanuma,Ryota Tanuma
t0ia,Ryotaro Taguchi,Ryotaro Taguchi
mm67,Ryotero Matsumura,Ryotero Matsumura
m0g0,Ryuki Matsuda,Ryuki Matsuda
h0bp,Ryusuke Horiuchi,Ryusuke Horiuchi
dh23,S D Prajwal Dev,S D Prajwal Dev
ba98,S. Bolelli,S. Bolelli
j0eq,Saahith Jayaraman,Saahith Jayaraman
n0et,Saba George Nanobashvili,Saba George Nanobashvili
p0ea,Saba Purtseladze,Saba Purtseladze
g0h0,Sai Karteek Reddy Ganta,Sai Karteek Reddy Ganta
t0ja,Saki Tange,Saki Tange
m0xg,Salvador Monteiro,Salvador Monteiro
p0lg,Salvador Price,Salvador Price
r0dp,Sam Ryan Ziegann,Sam Ryan Ziegann
b0i6,Samir Banerjee,Samir Banerjee
h0ez,Samir Hamza Reguig,Samir Hamza Reguig
i308,Samir Iftikhar,Samir Iftikhar
l0ld,Samuel Alejandro Linde Palacios,Samuel Alejandro Linde Palacios
b0dq,Samuel Brosset,Samuel Brosset
h0hu,Samuel Heredia,Samuel Heredia
s0vy,Samuel Stolarik,Samuel Stolarik
v0di,Samuel Vincent Ruggeri,Samuel Vincent Ruggeri
p0hy,Samuele Pieri,Samuele Pieri
s0vz,Samuele Seghetti,Samuele Seghetti
k0f3,Samuil Konov,Samuil Konov
e0d3,Samyar Elyasi,Samyar Elyasi
j0cu,Sander Jong,Sander Jong
d0kn,Sandesh Dattatray Kurale,Sandesh Dattatray Kurale
k0cj,Sandro Kopp,Sandro Kopp
s09p,Sanhui Shin,Sanhui Shin
d0dk,Santiago De La Fuente,Santiago De La Fuente
g0j4,Santiago Giamichelle,Santiago Giamichelle
l0gx,Santiago Lora,Santiago Lora
rh59,Santiago Rodriguez Taverna,Santiago Rodriguez Taverna
ad04,Sarp Agabigun,Sarp Agabigun
s0xw,Sarthak Suden,Sarthak Suden
m0r8,Sasa Markovic,Sasa Markovic
g0gw,Sascha Gueymard Wayenburg,Sascha Gueymard Wayenburg
c0ui,Sasha Colleu,Sasha Colleu
i0be,Saveliy Ivanov,Saveliy Ivanov
d0cf,Savriyan Danilov,Savriyan Danilov
p0b6,Savva Polukhin,Savva Polukhin
r0mi,Savva Rybkin,Savva Rybkin
j0a6,Scott Jones,Scott Jones
c0jx,Sean Cuenin,Sean Cuenin
h0gj,Sean Hess,Sean Hess
h0aa,Sean Hodkin,Sean Hodkin
b0bi,Sebastian Baez,Sebastian Baez
d0fh,Sebastian Dominguez,Sebastian Dominguez
d0i0,Sebastian Dominko,Sebastian Dominko
e0ci,Sebastian Eriksson,Sebastian Eriksson
f664,Sebastian Fanselow,Sebastian Fanselow
g0eq,Sebastian Gima,Sebastian Gima
g0jj,Sebastian Gorzny,Sebastian Gorzny
j0f8,Sebastian Grundtvig Jorgensen,Sebastian Grundtvig Jorgensen
k0ah,Sebastian Korda,Sebastian Korda
o513,Sebastian Ofner,Sebastian Ofner
pl38,Sebastian Prechtel,Sebastian Prechtel
s0qz,Sebastian Sorger,Sebastian Sorger
c0s4,Sebastiano Cocola,Sebastiano Cocola
g0l1,Segundo Goity Zapico,Segundo Goity Zapico
w0aj,Seita Watanabe,Seita Watanabe
n0ec,Seiya Nakanishi,Seiya Nakanishi
bh02,Sekou Bangoura,Sekou Bangoura
p0ka,Semen Pankin,Semen Pankin
c0nx,Seongwoo Cho,Seongwoo Cho
h0dp,Seonyong Han,Seonyong Han
bd82,Sergey Betov,Sergey Betov
f0a3,Sergey Fomin,Sergey Fomin
p0pc,Sergey Petrov,Sergey Petrov
f0go,Sergi Fita Juan,Sergi Fita Juan
pi96,Sergi Perez Contri,Sergi Perez Contri
b0sl,Sergio Badini,Sergio Badini
c0p0,Sergio Callejon Hernando,Sergio Callejon Hernando
i419,Sergio Ingles Garre,Sergio Ingles Garre
hh08,Sergio Luis Hernandez Ramirez,Sergio Luis Hernandez Ramirez
p0ou,Sergio Planella Hernandez,Sergio Planella Hernandez
p0mf,Seungmin Park,Seungmin Park
a0ie,Seydina Andre,Seydina Andre
l0k1,Shaoyun Liu,Shaoyun Liu
t0a0,Sheng Tang,Sheng Tang
h0ba,Shinji Hazawa,Shinji Hazawa
i330,Shintaro Imai,Shintaro Imai
m0hu,Shintaro Mochizuki,Shintaro Mochizuki
z0e1,Shixun Zhu,Shixun Zhu
k907,Sho Katayama,Sho Katayama
sy67,Sho Shimabukuro,Sho Shimabukuro
m0rc,Shu Matsuoka,Shu Matsuoka
m0wd,Shu Muto,Shu Muto
m0na,Shunsuke Mitsui,Shunsuke Mitsui
n0ct,Shunsuke Nakagawa,Shunsuke Nakagawa
b0a2,Siddhant Banthia,Siddhant Banthia
va48,Siddharth Vishwakarma,Siddharth Vishwakarma
rb86,Sidharth Rawat,Sidharth Rawat
m0y6,Silvio Mencaglia,Silvio Mencaglia
s1ar,Simeon Stankovic,Simeon Stankovic
b0c3,Simon Beaupain,Simon Beaupain
r0bn,Simon Reveniau,Simon Reveniau
a0i0,Simone Agostini,Simone Agostini
m1bv,Simone Massellani,Simone Massellani
m0cy,Siphosothando Montsi,Siphosothando Montsi
a0l1,Siwanat Auytayakul,Siwanat Auytayakul
kf17,Soonwoo Kwon,Soonwoo Kwon
f965,Sora Fukuda,Sora Fukuda
j0f2,Spencer Johnson,Spencer Johnson
w367,Stan Wawrinka,Stan Wawrinka
a0j5,Stefan Adrian Andreescu,Stefan Adrian Andreescu
c0np,Stefan Cooper,Stefan Cooper
d0d4,Stefan Dostanic,Stefan Dostanic
h0l4,Stefan Horia Haita,Stefan Horia Haita
p0qk,Stefan Ilie Bogdan Petre,Stefan Ilie Bogdan Petre
ke64,Stefan Kozlov,Stefan Kozlov
l0c6,Stefan Latinovic,Stefan Latinovic
mw03,Stefan Menichella,Stefan Menichella
p0cy,Stefan Palosi,Stefan Palosi
p0g5,Stefan Popovic,Stefan Popovic
sg13,Stefan Seifert,Stefan Seifert
s0if,Stefan Storch,Stefan Storch
va31,Stefan Vujic,Stefan Vujic
d0d9,Stefano D'Agostino,Stefano D'Agostino
n679,Stefano Napolitano,Stefano Napolitano
ta12,Stefano Travaglia,Stefano Travaglia
s0kt,Stefanos Sakellaridis,Stefanos Sakellaridis
te51,Stefanos Tsitsipas,Stefanos Tsitsipas
b0mf,Stepan Baum,Stepan Baum
k0lc,Stephane Pierre-Jo Kamendje,Stephane Pierre-Jo Kamendje
s1cl,Stephen Slocombe,Stephen Slocombe
p0fz,Stevan Popovic,Stevan Popovic
d916,Steven Diez,Steven Diez
k0lp,Stian Klaassen,Stian Klaassen
p0mi,Stijn Paardekooper,Stijn Paardekooper
p0gf,Stijn Pel,Stijn Pel
s0e6,Stijn Slump,Stijn Slump
kg27,Strong Kirchheimer,Strong Kirchheimer
p0bk,Stuart Parker,Stuart Parker
c0l4,Stylianos Christodoulou,Stylianos Christodoulou
a0jp,Suk Ann,Suk Ann
c0gw,Suk Hyun Choo,Suk Hyun Choo
n897,Sumit Nagal,Sumit Nagal
s0jw,Sungbeen Sim,Sungbeen Sim
c0k4,Sven Corbinais,Sven Corbinais
g0j9,Svyatoslav Gulin,Svyatoslav Gulin
z0cr,Sydney Zick,Sydney Zick
k0hb,Szymon Kielan,Szymon Kielan
p0bm,Tadeas Paroulek,Tadeas Paroulek
m0vx,Tadeo Meneo,Tadeo Meneo
r0ds,Tadija Radovanovic,Tadija Radovanovic
b0d6,Taha Baadi,Taha Baadi
s0u5,Tai Sach,Tai Sach
i0a6,Taisei Ichikawa,Taisei Ichikawa
y0a8,Taiyo Yamanaka,Taiyo Yamanaka
y0ab,Takeru Yuzuki,Takeru Yuzuki
t0ba,Taketo Takamisawa,Taketo Takamisawa
k0de,Takuya Kumasaka,Takuya Kumasaka
gj37,Tallon Griekspoor,Tallon Griekspoor
g0en,Tanguy Genier,Tanguy Genier
e0em,Tarek Erlewein,Tarek Erlewein
da81,Taro Daniel,Taro Daniel
fb98,Taylor Fritz,Taylor Fritz
a0hm,Taym Al Azmeh,Taym Al Azmeh
d0o2,Teodor Davidov,Teodor Davidov
a0gc,Terence Atmane,Terence Atmane
kd35,Thai-Son Kwiatkowski,Thai-Son Kwiatkowski
c0ds,Thanapet Chanta,Thanapet Chanta
b0w7,Thanaphat Boosarawongse,Thanaphat Boosarawongse
kd46,Thanasi Kokkinakis,Thanasi Kokkinakis
l0co,Thando Longwe-Smit,Thando Longwe-Smit
s0mj,Thantub Suksumrarn,Thantub Suksumrarn
h0if,Theo Herrmann,Theo Herrmann
p0k5,Theo Papamalamis,Theo Papamalamis
d0n2,Theodore Dean,Theodore Dean
p0p1,Thiago Agustin Pernas,Thiago Agustin Pernas
t0a1,Thiago Agustin Tirante,Thiago Agustin Tirante
c0gk,Thiago Cigarran,Thiago Cigarran
mj08,Thiago Monteiro,Thiago Monteiro
sx91,Thiago Seyboth Wild,Thiago Seyboth Wild
l0fv,Thijmen Loof,Thijmen Loof
b0t6,Thijs Boogaard,Thijs Boogaard
b0jn,Thomas Braithwaite,Thomas Braithwaite
d0fy,Thomas Deschamps,Thomas Deschamps
d0me,Thomas Drayton,Thomas Drayton
fa50,Thomas Fancutt,Thomas Fancutt
f0ho,Thomas Faurel,Thomas Faurel
g0nu,Thomas Gerbaud,Thomas Gerbaud
g0q8,Thomas Gunzinger,Thomas Gunzinger
k0jr,Thomas Kostka,Thomas Kostka
g0ki,Thomas Nicholas Gadecki,Thomas Nicholas Gadecki
cn88,Tiago Cacao,Tiago Cacao
p0k4,Tiago Pereira,Tiago Pereira
s0to,Tiago Silva,Tiago Silva
t0cn,Tiago Torres,Tiago Torres
z0d1,Tianhui Zhang,Tianhui Zhang
c0i4,Tibo Colson,Tibo Colson
b0yc,Tighe Brunetti,Tighe Brunetti
k0kl,Tilen Kovac,Tilen Kovac
h0eh,Tim Handel,Tim Handel
l0go,Tim Loosen,Tim Loosen
rh45,Tim Ruehl,Tim Ruehl
t0jj,Timeo Trufelli,Timeo Trufelli
l0er,Timo Legout,Timo Legout
d0l8,Timofei Derepasko,Timofei Derepasko
s0gr,Timofey Skatov,Timofey Skatov
s0so,Timofey Stepanov,Timofey Stepanov
c0uu,Tito Chavez,Tito Chavez
d0dw,Titouan Droguet,Titouan Droguet
b0wx,Tobia Costanzo Baragiola Mordini,Tobia Costanzo Baragiola Mordini
g0kz,Tobia Grandinetti,Tobia Grandinetti
k0eu,Toby Kodat,Toby Kodat
ml51,Toby Martin,Toby Martin
s0tm,Toby Samuel,Toby Samuel
g0ib,Tom Gentzsch,Tom Gentzsch
h0d8,Tom Hands,Tom Hands
p0gn,Tom Paris,Tom Paris
s0zh,Tom Sickenberger,Tom Sickenberger
z09g,Tom Zeuch,Tom Zeuch
bs86,Tomas Barrios Vera,Tomas Barrios Vera
cn44,Tomas Curras Abasolo,Tomas Curras Abasolo
d0oh,Tomas Dummer Macedo,Tomas Dummer Macedo
f0bv,Tomas Farjat,Tomas Farjat
l0nq,Tomas Jordi Leston,Tomas Jordi Leston
l0ga,Tomas Lanik,Tomas Lanik
m0fh,Tomas Machac,Tomas Machac
m19s,Tomas Marin,Tomas Marin
ea24,Tomas Martin Etcheverry,Tomas Martin Etcheverry
m0qq,Tomas Martinez,Tomas Martinez
p0ih,Tomas Pinho,Tomas Pinho
rh76,Tomas Rengel Sierra,Tomas Rengel Sierra
l0cu,Tomas Serrano Luis,Tomas Serrano Luis
z0e8,Tomas Zurmendi,Tomas Zurmendi
b0p4,Tomasz Berkieta,Tomasz Berkieta
pl60,Tomislav Edward Papac,Tomislav Edward Papac
c0bb,Tommaso Compagnucci,Tommaso Compagnucci
pl56,Tommy Paul,Tommy Paul
mv39,Tomohiro Masabayashi,Tomohiro Masabayashi
a0ip,Toprak Avcibasi,Toprak Avcibasi
h0ad,Toru Horie,Toru Horie
k0oq,Toshiki Karigyo,Toshiki Karigyo
sy94,Toufik Sahtali,Toufik Sahtali
s0vm,Trevor Svajda,Trevor Svajda
h0b7,Trey Hilderbrand,Trey Hilderbrand
b0ej,Tristan Boyer,Tristan Boyer
lc11,Tristan Lamasine,Tristan Lamasine
m0eg,Tristan McCormick,Tristan McCormick
s0n0,Tristan Schoolkate,Tristan Schoolkate
s1ap,Tristan Stringer,Tristan Stringer
h0b5,Tsung-Hao Huang,Tsung-Hao Huang
w0f3,Tsz Fu Wong,Tsz Fu Wong
b0u1,Tudor Batin,Tudor Batin
d0io,Tuncay Duran,Tuncay Duran
w857,Tung-Lin Wu,Tung-Lin Wu
h0li,Ty Host,Ty Host
b0qa,Tyler Bowers,Tyler Bowers
s0ik,Tyler Stice,Tyler Stice
z0ak,Tyler Zink,Tyler Zink
b0sw,Tymur Bieldiugin,Tymur Bieldiugin
k0mv,Udit Kamboj,Udit Kamboj
bv16,Ugo Blanchet,Ugo Blanchet
hh26,Ugo Humbert,Ugo Humbert
p0av,Uisung Park,Uisung Park
i236,Uladzimir Ignatik,Uladzimir Ignatik
u0ai,Vaal Urankar,Vaal Urankar
k0jm,Vadym Konovchuk,Vadym Konovchuk
u176,Vadym Ursu,Vadym Ursu
p0io,Valdemar Frederik Pape,Valdemar Frederik Pape
b0nf,Valentin Basel,Valentin Basel
g0lf,Valentin Garay,Valentin Garay
g0ot,Valentin Guadagno,Valentin Guadagno
k0mi,Valentin Kopeikin,Valentin Kopeikin
l0ev,Valentin Lapalu,Valentin Lapalu
r0eb,Valentin Royer,Valentin Royer
va25,Valentin Vacherot,Valentin Vacherot
va67,Valentin Vanta,Valentin Vanta
c0qw,Valentino Conte,Valentino Conte
g0nc,Valentino Grippo,Valentino Grippo
a0g7,Valerio Aboian,Valerio Aboian
m0tn,Vardan Manukyan,Vardan Manukyan
l0fz,Vasco Leote Prata,Vasco Leote Prata
ce80,Vasilios Caripi,Vasilios Caripi
k0i0,Veljko Krstic,Veljko Krstic
a0g9,Vesa Ahti,Vesa Ahti
b0ll,Viacheslav Bielinskyi,Viacheslav Bielinskyi
o0c9,Viacheslav Ovchinnikov,Viacheslav Ovchinnikov
m1a0,Vicente Menezes Freda,Vicente Menezes Freda
m0yc,Vicente Monge,Vicente Monge
b0re,Victor Barrere,Victor Barrere
b0na,Victor Braga,Victor Braga
r0l5,Victor Hugo Remondy Pagotto,Victor Hugo Remondy Pagotto
l0g8,Victor Lilov,Victor Lilov
a0e2,View All,View All
g0q1,Vignesh Gogineni,Vignesh Gogineni
dc76,Viktor Durasovic,Viktor Durasovic
f0i5,Viktor Frydrych,Viktor Frydrych
j0cm,Viktor Jovic,Viktor Jovic
m0rf,Viktor Markov,Viktor Markov
g0fw,Vilius Gaubas,Vilius Gaubas
d0nd,Vincent Dullinger,Vincent Dullinger
r0nm,Vincent Jakob Reisach,Vincent Jakob Reisach
m0v7,Vincent Marysko,Vincent Marysko
v505,Vishnu Vardhan,Vishnu Vardhan
k0lg,Vit Kalina,Vit Kalina
ki82,Vit Kopriva,Vit Kopriva
ss25,Vitaliy Sachko,Vitaliy Sachko
z0ct,Vitaliy Zatsepin,Vitaliy Zatsepin
d0b1,Vito Dell'Elba,Vito Dell'Elba
t0hm,Vito Tonejc,Vito Tonejc
b0p7,Vlad Cristian Breazu,Vlad Cristian Breazu
t0e2,Vladan Tadic,Vladan Tadic
b0p5,Vladimir Bazilevskiy,Vladimir Bazilevskiy
h0k8,Vladimir Holban,Vladimir Holban
m0dq,Vladislav Melnic,Vladislav Melnic
j0f0,Vlado Jankanj,Vlado Jankanj
o659,Vladyslav Orlov,Vladyslav Orlov
g0ou,Volodymyr Gurenko,Volodymyr Gurenko
i0bn,Volodymyr Iakubenko,Volodymyr Iakubenko
r0io,Vuk Radjenovic,Vuk Radjenovic
td06,Vullnet Tashi,Vullnet Tashi
a0ey,Walid Ahouda,Walid Ahouda
x01e,Weitao Xu,Weitao Xu
p0os,Weiwen Pan,Weiwen Pan
k0nh,Weiyi Kong,Weiyi Kong
f0io,Wen Bo Fan,Wen Bo Fan
m0uo,Will Mayew,Will Mayew
g0dd,William Grant,William Grant
j0ct,William Jansen,William Jansen
m0r9,William Mirarchi,William Mirarchi
n0d6,William Nolan,William Nolan
r0iu,William Rejchtman Vinciguerra,William Rejchtman Vinciguerra
z0e5,William Zhang,William Zhang
la54,Wilson Leite,Wilson Leite
tb70,Wishaya Trongcharoenchaikul,Wishaya Trongcharoenchaikul
a0gq,Wissam Abderrahman,Wissam Abderrahman
s0in,Woobin Shin,Woobin Shin
l0lu,Woong Bi Lee,Woong Bi Lee
l0o4,Woong Chan Lee,Woong Chan Lee
p0q2,Xavi Palomar,Xavi Palomar
f0ij,Xavier Ferrer Mateo,Xavier Ferrer Mateo
w0b3,Xiaofei Wang,Xiaofei Wang
y0bg,Xiaoyin Yang,Xiaoyin Yang
c0pk,Xing Dao Chen,Xing Dao Chen
h0k1,Xirui Han,Xirui Han
y0bm,Yamato Yukawa,Yamato Yukawa
be69,Yan Bai,Yan Bai
c0pw,Yan Cheng Chen,Yan Cheng Chen
m0ka,Yanaki Milev,Yanaki Milev
g0lg,Yanis Ghazouani Durand,Yanis Ghazouani Durand
e0aa,Yanki Erel,Yanki Erel
h997,Yannick Hanfmann,Yannick Hanfmann
a0m2,Yannick Theodor Alexandrescou,Yannick Theodor Alexandrescou
k0j9,Yannik Kelm,Yannik Kelm
r0j0,Yannik Rahman,Yannik Rahman
z0c7,Yaojie Zeng,Yaojie Zeng
sk97,Yaraslav Shyla,Yaraslav Shyla
d0i6,Yaroslav Demin,Yaroslav Demin
w0g4,Yassin Ahmed Wageh,Yassin Ahmed Wageh
d0fa,Yassine Dlimi,Yassine Dlimi
s0jk,Yassine Smiej,Yassine Smiej
u134,Yasutaka Uchiyama,Yasutaka Uchiyama
l0i8,Yazid Lahjomri,Yazid Lahjomri
c0tq,Ye Chen,Ye Chen
m0bw,Ye Cong Mo,Ye Cong Mo
h0jb,Ye Hongyu,Ye Hongyu
j09j,Yeong-Seok Jeong,Yeong-Seok Jeong
j0e8,Yeonsu Jeong,Yeonsu Jeong
z0cq,Yi Zhou,Yi Zhou
wb32,Yibing Wu,Yibing Wu
i0cd,Ymerali Ibraimi,Ymerali Ibraimi
p0o3,Yong Joon Park,Yong Joon Park
n732,Yoshihito Nishioka,Yoshihito Nishioka
s1c0,Yoshka Sborowsky,Yoshka Sborowsky
wb08,Yosuke Watanuki,Yosuke Watanuki
l0ck,Younes Lalami,Younes Lalami
k0d6,Yousaf Khalil,Yousaf Khalil
o674,Yshai Oliel,Yshai Oliel
h09f,Yu Hsiou Hsu,Yu Hsiou Hsu
t0is,Yu Tanaka,Yu Tanaka
t0ix,Yua Taka,Yua Taka
ki64,Yuhei Kono,Yuhei Kono
i416,Yuichiro Inui,Yuichiro Inui
m0b2,Yuki Mochizuki,Yuki Mochizuki
ch90,Yun seong Chung,Yun seong Chung
y09v,Yunchaokete Bu,Yunchaokete Bu
j0cw,Yunseok Jang,Yunseok Jang
j0ak,Yuquan Jin,Yuquan Jin
db32,Yurii Dzhavakian,Yurii Dzhavakian
k0cv,Yusuf Khamis,Yusuf Khamis
k0es,Yusuke Kusuhara,Yusuke Kusuhara
tf58,Yusuke Takahashi,Yusuke Takahashi
y276,Yusuke Yoshikawa,Yusuke Yoshikawa
k0ak,Yuta Kawahashi,Yuta Kawahashi
k0ez,Yuta Kikuchi,Yuta Kikuchi
s0aq,Yuta Shimizu,Yuta Shimizu
t0j8,Yuta Tomida,Yuta Tomida
o0e1,Yuto Oki,Yuto Oki
c0e6,Yuttana Charoenphon,Yuttana Charoenphon
h0m7,Yuya Hirose,Yuya Hirose
s0yi,Zach Stephens,Zach Stephens
s0k7,Zachary Svajda,Zachary Svajda
s19y,Zane Stevens,Zane Stevens
n0gn,Zangar Nurlanuly,Zangar Nurlanuly
kh56,Zdenek Kolar,Zdenek Kolar
l0c4,Zekai Li,Zekai Li
z0cv,Zhan Zheng,Zhan Zheng
l733,Zhe Li,Zhe Li
s1aa,Zhengyu Sun,Zhengyu Sun
d0c3,Zhenxiong Dong,Zhenxiong Dong
z371,Zhizhen Zhang,Zhizhen Zhang
m0hl,Zhou Mingzhou,Zhou Mingzhou
s1aj,Ziga Sesko,Ziga Sesko
bu13,Zizou Bergs,Zizou Bergs
l0jo,Zoran Ludoski,Zoran Ludoski
p09o,Zsombor Piros,Zsombor Piros
v0e1,Zsombor Velcz,Zsombor Velcz
t0ag,Zura Tkemaladze,Zura Tkemaladze
m0td,thomas Menzel,thomas Menzel
