id_player,player
va08,A. Vavassori
t0k4,Aadarsh Tripathi
f0hu,Aaron Funk
g0m3,Aaron Gil Garcia
w0dz,Aaron James Williams
u0ao,Abdulaziz Usmonjonov
s0nv,Abdullah Shelbayh
f0gs,Abel Forger
sy73,Abhinav Sanjeev Shanmugam
b0vq,Achilles Belkovics
f0h7,Adam Farag Cao
s0wu,Adam Gabor Szoke
h0d1,Adam Heinonen
j0ei,Adam Jilly
l0ly,Adam Lynch
m0rn,Adam Majchrzak
w09e,Adam Walton
f0bj,Adan Freire Da Silva
g0mi,Adhithya Ganesan
k0ab,Adil Kalyanpur
s0rd,Adit Sinha
v0gi,Aditya Vishal Balsekar
k0c5,Admir Kalender
v0dp,Adolfo Daniel Vallejo
s0bt,Adria Soriano Barrera
v0ki,Adria Velazquez Farre
a0ab,Adrian Andreev
a0in,Adrian Arcon
b0c0,Adrian Boitan
me82,Adrian Mannarino
o656,Adrian Oetzbach
b0ln,Adrien Burdet
g0i2,Adrien Gobat
r0mr,Agassi Rusher
s1c5,Agustín Salazar Salazar
z0cc,Ahmed Zaki
k0hz,Aidan Kim
m0nb,Aidan Mayo
m0cw,Aidan McHugh
s0hz,Ainius Sabaliauskas
m0ox,Ajay Malik
r0dc,Ajeet Rai
sq80,Akira Santillan
t0jo,Alaa Trifi
a09p,Alafia Ayeni
b0jf,Alan Bojarski
rh88,Alan Fernando Rubio Fierros
m0hd,Alan Magadan
s0bb,Alan Raul Sau Franco
w0f8,Alan Wazny
g0ao,Alastair Gray
p0mn,Albert Pedrico Kravtsov
r772,Albert Ramos-Vinolas
bu36,Alberto Barroso Campos
b0g9,Alberto Bronzetti
l0a0,Alberto Lim
a0fr,Alberto Odiseo Alvarado Berrospi
sf41,Aldin Setkic
b0iy,Alec Beckley
d0d2,Alec Deckers
dh50,Alejandro Davidovich Fokina
g0bj,Alejandro Garcia Carbajal
j0e9,Alejandro Jacome Jaramillo
j0dg,Alejandro Juan Mano
l0gb,Alejandro Lopez Escribano
m0l2,Alejandro Manzanera Pertusa
m0tu,Alejandro Melero Kretzer
m0t6,Alejandro Moreno
m0ht,Alejandro Moro Canas
te30,Alejandro Tabilo
t0fh,Alejandro Turriziani Alvarez
l0dm,Alejo Lorenzo Lingua Lavallen
s0xe,Alejo Sanchez Quilez
c0fj,Aleksa Ciric
p0im,Aleksa Pisaric
k0az,Aleksandar Kovacevic
m0ng,Aleksandar Mihailovic
v832,Aleksandar Vukic
c0ni,Aleksander Chayka
o0c8,Aleksander Orlikowski
b0bk,Aleksandr Braynin
l0g3,Aleksandr Lobanov
bp74,Aleksandre Bakshi
l0dg,Aleksi Lofman
m0i5,Alen Mujakic
b0tf,Alessandro Battiston
b0m9,Alessandro Bellifemine
c0l9,Alessandro Coccioli
p0fy,Alessandro Pecci
s0jy,Alessandro Spadola
b0qb,Alessio Basile
v0ev,Alessio Vasquez
b0gy,Alex Barrena
bi81,Alex Bolt
c0q6,Alex Chang
f0ht,Alex Finkelstein
h0cd,Alex Hernandez
j0b1,Alex Jones
kj00,Alex Knaff
k0bg,Alex Kobelt
k0kk,Alex Kuperstein
m0ey,Alex Marti Pujolras
m0gb,Alex Martinez
m0qi,Alex Michelsen
mv14,Alex Molcan
rg42,Alex Rybakov
n0ft,Alex Santino Nuñez Vera
dh58,Alex de Minaur
b0i0,Alexander Bernard
b0gi,Alexander Binda
b0pg,Alexander Blockx
bk92,Alexander Bublik
dh46,Alexander Donski
f0g5,Alexander Frusina
g0pd,Alexander Glomb
g0qw,Alexander Gschiel
o0eq,Alexander Ikenna Okonkwo
kg53,Alexander Klintcharov
k0el,Alexander Kotzen
k0mq,Alexander Krylov
p0j3,Alexander Petrov
r0ku,Alexander Razeghi
rc04,Alexander Ritschard
r0kk,Alexander Rozin
s0h2,Alexander Shevchenko
u0an,Alexander Ushakov
v0gr,Alexander Vasilev
v0f2,Alexander Vikhlyantsev
w0f2,Alexander Wagner
wb19,Alexander Weis
z09b,Alexander Zgirovsky
z355,Alexander Zverev
a0eu,Alexandre Aubriot
mp20,Alexandre Muller
r09t,Alexandre Reco
h0kv,Alexandru Toubi Hebhang Balan
p09z,Alexei Popyrin
a0av,Alexey Aleshchev
v717,Alexey Vatutin
z0ab,Alexey Zakharov
b0ur,Alexis Berquier
cn64,Alexis Canter
gk06,Alexis Galarneau
gj05,Alexis Gautier
g0c4,Alexis Gurmendi
a0jk,Alfred Almasi
pl39,Alfredo Perez
h0gc,Ali Habib
m0xi,Ali Missoum
y0bb,Ali Yazdani
l09d,Aliaksandr Liaonenka
k0e6,Alibek Kachmazov
j0dn,Aljaz Jeran
hb18,Alp Horoz
b0u5,Alvaro Bueno Gil
g0dh,Alvaro Guillen Meza
j0fa,Alvaro Jimenez
p0ld,Alvaro Peiro Serrano
t0iz,Alvin Nicholas Tudorica
s0ky,Amador Salazar
r0gn,Amaury Raynel
j0dm,Amine Jamji
m0u1,Amir Milushev
o0e7,Amir Omarkhanov
n0fb,Amirkhamza Nasridinov
v0g2,Amit Vales
ag30,Ammar Alhogbani
e0ay,Ammar Elamin
a0g8,Amr Elsayed
b0uy,Anas Bennour Dit Sahli
m0wl,Anas Mazdrashki
i0b0,Andre Ilagan
s1cw,Andre Souza
b0q9,Andrea Bacaloni
cc66,Andrea Collarini
c0pg,Andrea Colombo
d0jz,Andrea De Marchi
f0c2,Andrea Fiorentini
g0a0,Andrea Guerrieri
m0ri,Andrea M'Chich
m0nx,Andrea Meduri
m0ys,Andrea Motta
p0l6,Andrea Paolini
ph64,Andrea Pellegrino
p0dr,Andrea Picchione
va08,Andrea Vavassori
m0zo,Andreas Messis
t0i0,Andreas Timini
g0oc,Andrei Corneliu Gadoiu
k0ok,Andrei Kunitsyn
l0kc,Andrej Loncarevic
mf35,Andrej Martin
n0db,Andrej Nedic
p0ep,Andreja Petrovic
ag08,Andres Andrade
d0mf,Andres Delgadillo
fc00,Andres Fernandez Canovas
cn39,Andres Gabriel Ciurletti
m0np,Andres Martin
s0y0,Andres Santamarta Roig
u09z,Andres Urquiola Montellano
d0mb,Andrew Delgado
f0ck,Andrew Fenty
j0fu,Andrew Johnson
p0ev,Andrew Paulson
co01,Andrey Chepelev
re44,Andrey Rublev
c0kn,Andrin Casanova
n0gf,Andy Nguyen
l0mg,Anes Latifovic
g0gk,Anthony Genov
sy76,Anthony Susanto
w0ec,Anthony Wright
b0h9,Antoine Berger
e768,Antoine Escoffier
g0iw,Antoine Ghibaudo
v0cg,Antoine Vincent
a0o2,Anton Arzhankin
cc79,Anton Chekhov
m0fa,Anton Matusevich
s0nt,Anton Shepp
f0gf,Antoni Fabre
w0fu,Antonin Witz
c0hh,Antonio Caruso
v0h8,Antonio Voljavec
w741,Aoran Wang
a0dv,Arda Azkara
b0x0,Arian Barbic
s0rl,Aristarkh Safonov
t0ei,Aristotelis Thanos
m0ce,Arjun Mehrotra
r0mv,Arjun Rathi
h0c9,Arklon Huertas Del Pino Cordova
p0nh,Arnav Vijay Paparkar
m0zy,Aron Janos Major
b0x3,Artem Bogomolov
b0vy,Arthur Bellegy
b0ls,Arthur Bonnaud
b0er,Arthur Bouquier
c0h0,Arthur Cazaux
f0dm,Arthur Fery
f0f1,Arthur Fils
g0ix,Arthur Gea
l0kj,Arthur Laborde
n0eg,Arthur Nagel
rh50,Arthur Reymond
rc91,Arthur Rinderknech
w0a4,Arthur Weber
a0n4,Artur Aiukhanov
k0hu,Artur Kukasian
z0dx,Arturs Zagars
n0af,Arvid Nordquist
l0js,Aryan Lakshmanan
s0w8,Aryan Shah
h0i9,Asahi Harazaki
m0z0,Ashton Mcleod
kc56,Aslan Karatsev
s0lv,Atharva Sharma
b0mp,Attila Boros
h09n,August Holmgren
l0of,Augusto Mateo Lucarelli
g0ff,Axel Garcian
n0ba,Axel Nefve
df88,Aziz Dougaz
o09a,Aziz Ouakaa
v0fk,Azuma Visaya
a0c4,Bader Alabdullah
w0fl,Baltazar Wiger Nordas
y09l,Bang Shuo Yin
f0b4,Barney Fitzpatrick
b0yx,Bastian Berenz
mm24,Bastian Malla
sp02,Batyr Sapaev
d0m3,Bautista De La Pena
v0dx,Bautista Vilicich
z09z,Beibit Zhukayev
a0e6,Bekkhan Atlangeriev
j732,Ben Jones
s0s1,Ben Shelton
r0n4,Bengt Johan Reinhard
s0r2,Benito Sanchez Martinez
bm95,Benjamin Bonzi
c0qv,Benjamin Chelía
g0nl,Benjamin Gusic - Wan
hh01,Benjamin Hannestad
hg94,Benjamin Hassan
m0sa,Benjamin Martin
o0a6,Benjamin O'Connell
p0pj,Benjamin Perez
p09s,Benjamin Pietri
g0mh,Benjamin Thomas George
t0h5,Benjamin Torrealba
t0fn,Benjamin Torres
v0h9,Benjamin Vitter
w0fh,Benjamin Willwerth
w09x,Benjamin Winter Lopez
pd31,Benoit Paire
t0jf,Benoit Torcq
z419,Bernabe Zapata Miralles
ta46,Bernard Tomic
m0pf,Bernardo Munk Mesa
k0bi,Bharath Nishok Kumaran
c0ry,Bill Chan
b0oi,Billy Blaydes
hd68,Billy Harris
s1bv,Billy Suarez
d0kj,Birtan Duran
s0tu,Bjorn Swenson
b0i5,Blaise Bicknell
ea27,Blake Ellis
mm79,Blake Mott
b0if,Blu Baker
bm05,Bogdan Bobrov
pl80,Bogdan Pavel
s0te,Bogdan Seleznev
a0i1,Bor Artnak
s0fs,Bora Sengul
aa49,Boris Arias
bv08,Boris Butulija
cg80,Borna Coric
gh92,Borna Gojo
v812,Botic van de Zandschulp
k0i9,Botond Kisantal
n0fo,Botond Nagy
s0s5,Braden Shick
h09p,Brandon Holt
n0ae,Brandon Nakashima
p0d4,Brandon Perez
w738,Brandon Walkin
d0hj,Branko Djuric
b0n9,Breno Braga
u0a9,Breno Rossetto Urvaneja
b0ql,Brian Bozemoj
f0fl,Bruno Fernandez
k0hn,Bruno Kuzuhara
p0cu,Bruno Pujol Navarro
h0la,Bryan Hernandez Cortes
n0dr,Bryce Nakashima
g0cv,Buvaysar Gadamauri
t0j5,Cagan Efe Tufekci
w0f7,Caheer Warik
s0wk,Calin Teodor Stirbu
hb48,Calvin Hemery
m0jp,Calvin Mueller
n771,Cameron Norrie
u182,Camilo Ugo Carabelli
k0db,Cannon Kingsley
o0bi,Carl Emil Overbeck
h0iq,Carl Holder
r0es,Carl Roothman
c0oi,Carles Cordoba
h0dq,Carles Hernandez
c0lk,Carlo Alberto Caniato
a0e2,Carlos Alcaraz
g0kw,Carlos Giraldi
l0c1,Carlos Lopez Montagud
z0da,Carlos Maria Zarate
s0cg,Carlos Sanchez Jover
te16,Carlos Taberner
z0dr,Carlos Zerega
c0t9,Casper Christensen
rh16,Casper Ruud
s0sq,Cedric Stanke
sk94,Cedrik-Marcel Stebe
i306,Cem Ilkel
b0me,Cesar Bouchelaghem
c0nu,Cesar Cruz
c0b2,Cezar Cretu
p0mt,Cezar Gabriel Papoe
o527,Chanyeong Oh
c0ll,Charlelie Cosnet
b0c4,Charles Bertimon
bv21,Charles Broom
c0q4,Charles Chen
c0lm,Charlie Camus
r0k9,Charlie Robertson
f0c0,Chase Ferguson
d0fn,Chen Dong
d0hi,Chirag Duhan
r0e0,Chris Rodesch
d0ka,Christian Djonov
li10,Christian Langmo
sy00,Christian Sigsgaard
w0fp,Christian Wedel
g0mr,Christoph Gayk
n731,Christoph Negritu
e865,Christopher Eubanks
l0do,Christopher Li
o483,Christopher O'Connell
p0f0,Christopher Papa
h0l7,Chun-Chien Hou
t0ap,Chun-Hsin Tseng
m0ru,Cian Maguire
mr77,Cing-Yang Meng
h0d9,Cleeve Harper
c0bh,Clement Chidekh
d0f4,Clement Deleersnyder
l0l4,Clement Lemire
t09x,Clement Tabur
w0bh,Coleman Wong
sq79,Colin Sinclair
s0ze,Colton Smith
cm88,Congsup Congcar
hg90,Conner Huertas del Pino
d0nh,Connor Doig
t0b0,Connor Thomson
g0g4,Conor Gannon
lb66,Constant Lestienne
bu53,Constantin Bittoun Kouzmine
w0dd,Cooper Williams
w0dw,Cooper Woestendick
c0i5,Corban Crowther
df92,Corentin Denolly
mw02,Corentin Moutet
c0r0,Corey Craig
r0ke,Cosme Rolland De Ravel
gd64,Cristian Garin
r913,Cristian Rodriguez
h0k0,Cruz Hewitt
v0bc,Cyril Vandermeersch
m0ve,Cyrus Mahjoob
y0al,Daiki Yoshimura
s0bg,Daisuke Sumizawa
b0uz,Dakotah Bobo
b0jp,Dali Blanch
s0gd,Dalibor Svrcina
c0tl,Damien Clerc
s0f4,Damien Salvestre
w09b,Damien Wenger
a0mk,Damir Abdusamadov
d923,Damir Dzumhur
a09t,Dan Added
t0aa,Dan Alexandru Tomescu
m0c2,Dan Martin
s0ia,Dane Sweeny
a0oe,Daniel Aleksandar Amarandei
ae14,Daniel Altmaier
n0bu,Daniel Antonio Nunez
b0ha,Daniel Bagnolini
b0bj,Daniel Batista
cl82,Daniel Cukierman
d0cu,Daniel De Jonge
d0nc,Daniel Domingos
sg56,Daniel Dutra da Silva
ge33,Daniel Elahi Galan
e687,Daniel Evans
j0em,Daniel Jade
j0fy,Daniel Jovanovski
k0m7,Daniel Khazime
l0ei,Daniel Lara Salmeron
mn20,Daniel Masur
m0n7,Daniel Merida
m0e1,Daniel Michalski
m0rg,Daniel Milavsky
p0pv,Daniel Phillips
r0fp,Daniel Rincon
s0gm,Daniel Salazar
s0lt,Daniel Siniakov
t0l4,Daniel Tazabekov
u0ac,Daniel Uta
v0gk,Daniel Verbeek
m0o0,Daniele Minighini
r0km,Daniele Rapagnetta
a0el,Danielle Abadia
b0x4,Daniil Bogatov
g0by,Daniil Glinka
g0bd,Daniil Golubev
k0pf,Daniil Kakhniuk
mm58,Daniil Medvedev
o0br,Daniil Ostapenkov
p0kz,Daniil Piatrouski
s0yb,Daniil Sarksian
p0mj,Dante Pagani
kc86,Darian King
c0sd,Dario Alexandru Ciobotaru
p0ly,Darius Florin Pop
s0gg,Darrshan Suresh
b0no,Darwin Blanch
a0o3,David Asenov
b0ty,David Bakonyi
c0pt,David Cristian Carteputreda
e0dx,David Eichenseher
f0fh,David Fix
gb88,David Goffin
j0f5,David Jeanne-Grandinot
j476,David Jorda Sanchis
n0ek,David Naharro
p0kk,David Petrovic
pi95,David Pichler
ph77,David Poljak
ph02,Davide Pontoglio
t0cy,Davide Tortora
w0fr,Dawid Wisniewski
d0c2,Dax Donders
w0bd,Deney Wassermann
kg49,Denis Klok
p0m4,Denis Petak
su55,Denis Shapovalov
s0ub,Denis Spiridon
y171,Denis Yevseyev
db59,Dennis Novak
p0kj,Derek Pham
j0cl,Dev Javia
b0iz,Devin Badenhorst
s0de,Dhakshineswar Suresh
n0c9,Dian Nedev
b0hf,Diego Augusto Barreto Sanchez
d0lj,Diego Dedura
d0fo,Diego Duran
f0c4,Diego Fernandez Flores
j0el,Diego Jarry Fillol
m19j,Diego Munoz
o0ce,Diego Ortiz Gamonsl
sy71,Digvijaypratap Singh
b0x2,Dillon Beckles
kc33,Dimitar Kuzmanov
a0c5,Dimitris Azoidis
s0s9,Dimitris Sakellaridis
n0cc,Dingzheng Nima
d0hs,Dinko Dinev
p0hw,Dino Prizmic
m0b9,Diogo Marques
m0o7,Diogo Morais
s1ef,Djordje Sapic
v0eo,Dmitrii Vasilev
b0x7,Dmitry Bessonov
d0if,Dmitry Dolzhenkov
s1ac,Dmitry Kopilevich
pg20,Dmitry Popko
s1ak,Dmytro Shirokyi
s0la,Dominic Stricker
m0x2,Dominick Mosejczuk
ke36,Dominik Kellovsky
p0e9,Dominik Palan
rd58,Dominik Recek
r0ki,Dominique Rolland
k0ci,Dong Ju Kim
j0f9,Dorian Juszczak
c0mx,Dragos Nicolae Cazacu
mw54,Dragos Nicolae Madaras
p0ia,Drazen Petrovic
v948,Drew Van Orderlain
va15,Duarte Vale
le01,Duckhee Lee
a0cj,Duje Ajdukovic
m0u9,Duje Markovina
c0of,Duncan Chan
l987,Dusan Lajovic
o0ai,Dusan Obradovic
d0hx,Dylan Dietrich
b0mm,Edas Butvilas
a0i9,Edison Ambarzumjan
d0mw,Edoardo De Filippo
z0bh,Edoardo Zanada
c0mt,Edoardo cherie Ligniere
v0eq,Edouard Villoslada
r09v,Eduardo Ribeiro
e0ee,Edward Etty
w0c4,Edward Winter
v993,Eero Vasa
a0fm,Egor Agafonov
gc89,Egor Gerasimov
p0nd,Egor Pleshivtsev
k0ht,Elgin Khoeblal
s0z2,Eli Stephenson
c0hb,Eliakim Coulibaly
w0d9,Elias Julian Werner
s1c8,Elias Sumann
y218,Elias Ymer
c0rn,Elijah Cham
s1ez,Elijah Sanogo
s0tb,Elijah Strode
s0ja,Eliot Spizzirri
bt68,Elliot Benchetrit
e811,Elmar Ejupovic
m0k4,Elmer Moller
i0bv,Emanuel Ivanisevic
rh24,Emil Ruusuvuori
h0ek,Emile Hudd
j0cx,Emiliano Jorquera
d0ly,Emilien Demanet
n0am,Emilio Nava
b0ww,Emirhan Bulut
v0hg,Emon Van Loben Sels
m0p3,Enmanuel Munoz
dg80,Enrico Dalla Valle
bk43,Enrique Bogo
c0sl,Enrique Carrascosa Diaz
c0u2,Enrique Collar
a0ku,Enzo Aguiard
c0ju,Enzo Camargo Lima
cg94,Enzo Couacaud
k0mx,Enzo Kohlmann De Freitas
w749,Enzo Wallart
ki48,Ergi Kirkin
ae43,Eric Ahren Moonga
v0d4,Eric Vanshelboim
a0ia,Erik Arutiunian
l0fu,Espen Lagarde
q027,Essa Qabazard
t0k8,Esteban Talavera Cortes
c0ms,Ethan Cook
q02l,Ethan Quinn
d0dc,Etienne Donnet
g0pf,Eudald Gonzalez
b0tl,Evan Burnett
b0mr,Evan Bynoe
z09k,Evan Zhu
td47,Evgenii Tiurnev
kd87,Evgeny Karlovskiy
p0g0,Evgeny Philippov
l0af,Ewen Lumsden
m1bh,Eyad Reda Ezzat Mohamed Sherif
co07,Ezekiel Clark
m0ig,Ezequiel Monferrer
m0ci,Fabian Marozsan
sz32,Fabien Salle
a0f3,Fabrizio Andaloro
o0d5,Fabrizio Karol Pio Osti
bf23,Facundo Bagnis
d0cg,Facundo Diaz Acosta
j737,Facundo Juarez
mj98,Facundo Mena
b0u0,Fadi Bidan
sx90,Fajing Sun
m19y,Fanming Meng
a0os,Fantino Alberca De Las Casas
z0bl,Fares Zakaria
t0cu,Fausto Tabacco
a0k2,Federico Aguilar Cardozo
gj16,Federico Agustin Gomez
a0ba,Federico Arnaboldi
b0pe,Federico Bondioli
b0nk,Federico Bove
c0nb,Federico Cina
ce77,Federico Coria
g0nv,Federico Guarducci
i09n,Federico Iannaccone
v0fm,Federico Valle
z239,Federico Zeballos
ab75,Felipe Assuncao Garla
d0k4,Felipe De Dios
d0ng,Felipe Dreer
mw75,Felipe Meligeni Alves
v0hq,Felipe Virgili
ag37,Felix Auger-Aliassime
b0wl,Felix Balshaw
cn15,Felix Corwin
g0eu,Felix Gill
r0o2,Felix Raser
l0lj,Ferdinand Livet Novkirichka
t0af,Fermin Tenti
c0o4,Fernando Cavallo
y223,Fernando Yamacita
f0f9,Filiberto Fumagalli
j09x,Filip Cristian Jianu
g0m2,Filip Gustafsson
p0fv,Filip Jeff Planinsek
k0fo,Filip Krolo
m0jz,Filip Misolic
pf65,Filip Peliwo
p0fu,Filip Pieczonka
s0x4,Filip Stidell
a0lw,Filippo Alberti
g0o3,Filippo Francesco Garbero
m0uq,Filippo Mazzola
m0gp,Filippo Moroni
r0hk,Filippo Romano
s0jh,Filippo Speziali
bu78,Finn Bass
m0hy,Finn Murgett
w0fn,Finn Willman
b0yv,Flavio Bocci
c0e9,Flavio Cobolli
b0bu,Florent Bax
b0c5,Florian Broska
t0j4,Flynn Thomas
n0dy,Fnu Nidunjianzan
v0em,Fons Van Sambeek
td51,Frances Tiafoe
fb59,Francesco Ferrari
f0a4,Francesco Forti
m0if,Francesco Maestrelli
p0ct,Francesco Passaro
c0au,Francisco Cerundolo
c0df,Francisco Comesana
r0f6,Francisco Rocha
g0kb,Francisco Tomas Geschwind
aa27,Franco Agamenone
v0if,Franco Ariel Vazquez
m0rs,Franco Marini
r0bf,Franco Ribero
r0bt,Franco Roncadelli
m0hb,François Musitelli
rh73,Frazier Rengifo
r0iz,Freddie Ridout
m0x8,Freddy Murray
sn54,Frederico Ferreira Silva
s1bd,Fredrik Krogh Solheim
l0k7,Fryderyk Lechno-Wasiutynski
j0fn,Fumin Jiang
h0i8,Gabor Hornung
d0f6,Gabriel Diallo
e0cf,Gabriel Elicha Navas
g0me,Gabriel Ghetu
m0nu,Gabriel Matuszewski
s0vd,Gabriel Schenekenberg
b0g4,Gabriele Bosio
c0n6,Gabriele Crivellaro
n724,Gabriele Maria Noce
p0jg,Gabriele Pennaforti
p0i6,Gabriele Piraino
v0cx,Gabriele Volpi
v0hm,Gabriele Vulpitta
mc65,Gael Monfils
bp44,Gage Brymer
j0b5,Garrett Johns
m0xx,Gasper Matijasic
e698,Gastao Elias
o0a2,Gauthier Onclin
g0pp,Gavin Goode
y0bf,Gavin Young
o660,Genaro Alberto Olivieri
bu54,Geoffrey Blancaneaux
l0gl,George Lazarov
l0cf,George Loffhagen
g0of,Georgi Georgiev
k0bj,Georgii Kravchenko
c0mh,Gerard Campana Lee
mo76,Gergely Madarasz
k0dv,Geun Jun Kim
s0se,Gheorghe Claudiu Schinteie
c0mo,Giacomo Crisostomo
g0k8,Giammarco Gandolfi
d0pe,Gian Durrer
g0im,Gian Gruenig
t0e0,Gian Luca Tanner
o0ax,Gian Marco Ortenzi
b0n0,Gianluca Brunkow
c0nn,Gianluca Cadenasso
ml57,Gianluca Mager
f0cj,Gianmarco Ferrari
m0ic,Giannicola Misasi
bo10,Gijs Brouwer
k0cz,Gilbert Klier Junior
r0lx,Gilberto Ravasio
h0dc,Giles Hussey
b0qc,Gilles Arnaud Bailly
t0fk,Giorgio Tabacco
fc49,Giovanni Fonio
m0gz,Giovanni Mpetshi Perricard
o639,Giovanni Oradini
p0ge,Giulio Perego
z0a1,Giulio Zeppieri
l0db,Giuseppe La Vela
p0lr,Glauco Pinheiro Da Cruz Junior
s1c1,Glib Sekachov
s0ny,Gokberk Saritas
b0gr,Gonzalo Bueno
v821,Gonzalo Villanueva
n0al,Govind Nanda
v0gl,Gray Voelzke
bk24,Gregoire Barrere
h0j9,Gregor Hausberger
r0ay,Gregor Ramskogler
b0pz,Gregorio Biondolillo
d875,Grigor Dimitrov
lg37,Grigoriy Lomakin
s0yn,Grigory Shebekin
j0aw,Guido Ivan Justo
d0k3,Guillaume Dalmasso
d0m9,Guillermo Tunas
t0en,Gunawan Trismuwantara
g0oq,Gus Grumet
s0ka,Gustaf Strom
a0nj,Gustavo Albieri
h0du,Gustavo Heide
d0ip,Gustavo Ribeiro De Almeida
m0wy,Guto Miguel
d0h9,Guy Den Ouden
i327,Guy Orly Iradukunda
h808,H. Heliovaara
p0g6,H. Patten
v0dr,Ha Minh Duc Vu
hf80,Hady Habib
m0jf,Hamad Medjedovic
s0ex,Hamish Stewart
e0c5,Hamza El Amine
ke25,Hamza Karmoussi
c0jz,Hanamichi Carvajal
l0bu,Hanyi Liu
ki34,Hao Sheng Koay
h0e3,Haoyuan Huang
h0hr,Harold Huens
m0g4,Harold Mayot
t0cw,Harry Thursfield
w0ah,Harry Wendelken
m0sc,Hayato Matsuoka
j0d5,Hayden Jones
n0bk,Hazem Naw
s0ak,Henri Squire
b0qe,Henrik Bladelius
v0j7,Henrik Villanger
o0e9,Henrique Ortenblad Nogueira
r0go,Henrique Rocha
b0tp,Henry Bernet
l0kg,Henry Lieberman
r0ni,Henry Ren
s0tx,Henry Searle
h0dw,Herman Hoeyeraal
cg07,Hernan Casanova
e09u,Hernando Jose Escurra Isnardi
s1ee,Hidde Schoenmakers
s0c2,Hikaru Shiraishi
mi01,Hiroki Moriya
k0ng,Hiromasa Koyama
c0qm,Hitesh Chauhan
r0dg,Holger Rune
f0bn,Hong-Lin Fu
r0j1,Hoyoung Roh
hb71,Hubert Hurkacz
r0fq,Hudson Rivera
c0ri,Hugo Car
c0lh,Hugo Cardinaud
c0rc,Hugo Coquelin
da31,Hugo Dellien
g09o,Hugo Gaston
gf95,Hugo Grenier
h0l5,Hugo Hashimoto
m0cj,Hugo Maia
o0di,Hugo Ouzilou
pm20,Hugo Pierre
h0eb,Hunter Heck
ch27,Hyeon Chung
b0ou,Hynek Barton
c0hn,Ian Luca Cervantes Tomas
m0ro,Iannis Miletich
w0fd,Ids Waterbolk
b0ez,Ignacio Antonio Becerra Otarola
b0id,Ignacio Buse
d0p3,Ignacio De Armas
mv75,Ignacio Monzon
n0bm,Ignacio Novo
p0i5,Ignacio Parisca Romera
f0hr,Ignasi Forcano Aparicio
g0d9,Igor Gimenez
k0ga,Igor Kudriashov
rd48,Igor Marcondes
v0dq,Iiro Vasa
g0ml,Iker Gaztambide Arrastia
u09t,Iker Urribarrens Ramirez
h0lc,Ilan Zheng-Xiong Hediger
s0o6,Ilia Simakin
z0bj,Ilias Zimmermann
p0o5,Ilija Palavestra
r0il,Iliyan Radulov
me89,Illya Marchenko
i0c6,Ilya Ignatov
i305,Ilya Ivashka
s0r5,Ilya Snitari
f0ii,Ilyas Milad Fahim
l0at,Imanol Lopez Morillo
m0nl,Inaki Montes-De La Torre
c0jr,Ioan Alexandru Chirita
k0he,Ioannis Kountourakis
x01c,Ioannis Xilas
b0hy,Isaac Becroft
l0la,Isaac Lhomond
n0e5,Isaac Nortey
s0v1,Isac Stroemberg
sx77,Isaiah Strode
e0ab,Ishaque Eqbal
o498,Issei Okamura
b0ss,Ivan Biletic
d09v,Ivan Denisov
d0ig,Ivan Dreycopp
ge28,Ivan Gakhov
g0o5,Ivan Gretskiy
i0bl,Ivan Iutkin
i0bf,Ivan Ivanov
lf40,Ivan Liutarevich
m09m,Ivan Marrero Curbelo
n561,Ivan Nedelko
a0kq,Izan Almazan Valiente
w09g,J.J. Wolf
a0ih,Jack Anthrop
b0v4,Jack Bruce-Smith
d0co,Jack Draper
k0jc,Jack Karlsson Wistrand
k0np,Jack Kennedy
l0id,Jack Loge
l0ip,Jack Loutit
m19i,Jack Patrick Mcgary
p0ht,Jack Pinnington Jones
s1cn,Jack Satterfield
s1cu,Jack Secord
r0lh,Jackson Ross
b0ot,Jacob Bradshaw
b0d8,Jacob Brumm
f0by,Jacob Fearnley
bu10,Jacopo Berrettini
b0ph,Jacopo Bilardo
v0j1,Jacopo Vasami
w0dp,Jaden Weekes
c0nl,Jaesung Choe
l0mb,Jagger Leach
f0f2,Jaime Faria
dc38,Jake Delaney
d0nq,Jake Dembo
f0gd,Jakub Filip
k0i2,Jakub Kroslak
m0ni,Jakub Mensik
n0d9,Jakub Nicod
p0d0,Jakub Paul
v0hr,Jakub Vrba
b0rd,James Beaven
c0pc,James Connel
d994,James Duckworth
h0f1,James Hopper
m0oq,James McCabe
s0h9,James Story
t0bw,James Trotter
v0ge,James Van Herzeele
w0ed,James Watt
m19t,Jamie Mackenzie
ch12,Jan Choinski
h0hx,Jan Hrazdil
j0b6,Jan Jermar
k0o5,Jan Klimas
k0jh,Jan Kumstat
k0fw,Jan Kupcic
s1e0,Jan Sadzik
s0r7,Jan Sebesta
w0fx,Jan Wygona
sl28,Jan-Lennard Struff
k0kc,Jangjun Kim
o663,Jannik Opitz
s0ag,Jannik Sinner
j0c2,Jarno Jans
j0er,Jarrod Joyce
j380,Jason Jung
kb95,Jason Kubler
s0sd,Jasza Szajrych
mu94,Jaume Munar
bv25,Javier Barranco Cosano
g0ne,Javier Guzman
m0gx,Javier Molino
ci14,Jay Clarke
h0jl,Jay Friend
lb78,Jea Moon Lee
w660,Jefferson Wendler Filho
f0ip,Jeffrey Fradkin
v0e3,Jeffrey Von Der Schulenburg
so20,Jelle Sels
b0cd,Jenson Brooksby
g0b7,Jeremy Gschwendtner
j0d4,Jeremy Jin
s0kh,Jeremy Schifris
z0cn,Jeremy Zhang
k0ep,Jerome Kym
g0ql,Jerrid Gaines Jr
b0ux,Jerry Barton
r0jg,Jerry Roddick
d0c1,Jesper de Jong
d0ii,Jesse De Jager
d0be,Jesse Delaney
f902,Jesse Flores
n652,JiSung Nam
c0aj,Jie Cui
h0iw,Jim Hendrikx
t0fv,Jin Peng Tang
v0ep,Jip Van Assendelft
n831,Jirat Navasirisomboon
c0mv,Jiri Cizek
l0bv,Jiri Lehecka
v708,Jiri Vesely
af67,Joao Antonio
d985,Joao Domingues
s0t1,Joao Eduardo Schiessl
f0fv,Joao Fonseca
gk07,Joao Graca
r0a7,Joao Lucas Reis Da Silva
l0g5,Joao Victor Couto Loureiro
gj90,Joao Vitor Goncalves Ceolin
s0yt,Joao Vitor Scramin Do Lago
a0jw,Joaquin Aguilar Cardozo
g0os,Joaquin Guilleme
l0kl,Joe Leather
t0b1,Joe Tyler
mw25,Joel Meda
s0wt,Joel Schwaerzler
r0f1,Johan Alexander Rodriguez
n830,Johan Nikles
l0mu,Johan Oscar Lien
i411,Johannes Ingildsen
m0on,Johannus Monday
b0vz,John Bothma
e0au,John Echeverria
h0e7,John Hallquist Lithen
s0lr,John Sperle
g0q4,Jon Gamble
b0pk,Jonah Braswell
e09h,Jonas Eriksson Ziverts
f0bt,Jonas Forejtek
g0lr,Jonas Gundacker
k0k5,Jonas Kucera
h0i0,Jonas Pelle Hartenstein
s0i2,Jonas Schaer
mm78,Jonathan Mridha
l0oa,Jordan Lee
tc61,Jordan Thompson
mv26,Jordi Mas De Ugarte
p0e2,Jorge Plans
da86,Joris De Loore
d0fl,Jose Dominguez Alonso
f0j1,Jose Freitas
c0kz,Jose Luis Claro
pc09,Jose Pereira
c09y,Joshua Charlton
l0dk,Joshua Lapadat
pm28,Joshua Peck
s0nn,Joshua Sheehy
s0um,Josip Simundza
kc04,Jozef Kovalik
d0ou,João Pedro Didoni Bonini
o09s,Juan Bautista Otegui
t0dm,Juan Bautista Torres
a09w,Juan Carlos Aguilar
f0ik,Juan Carlos Fuentes Vasquez
p0iy,Juan Carlos Prado Angelo
m0r4,Juan Cruz Martin Manzano
e0di,Juan Estevez
m0wj,Juan Francisco Munoz
b0zh,Juan Ignacio Barraza
b0vt,Juan Jose Bianchi
c0c8,Juan Manuel Cerundolo
l0gr,Juan Manuel La Serna
fa43,Juan Pablo Ficovich
pg69,Juan Pablo Paz
v836,Juan Pablo Varillas
gb41,Juan Sebastian Gomez
o560,Juan Sebastian Osorio
a812,Juan-Samuel Arauzo-Martinez
l0j2,Jules Leroux
a0k1,Julian Alonso Jr
c0h5,Julian Cundom
v0j4,Julian Valenzuela
d0cq,Julien De Cuyper
p0i8,Julien Penzlin
c0kh,Julio Cesar Porras
h0m9,Julius Maximilian Haus
b0i8,Juliusz Bienkiewicz
y235,Jumpei Yamasaki
l0ni,Jun Hao Luo
s0re,Juncheng Shang
l0e5,Junhyeon Lee
r09x,Jurij Rodionov
t0bn,Justas Trainauskas
b0c7,Justin Barki
b0f8,Justin Boulais
e0dd,Justin Engel
l0no,Justin Lenders
rh17,Justin Roberts
s0e4,Justin Schlageter
h0cp,Kabir Hans
k0nu,Kacper Knitter
s0zf,Kacper Szymkowiak
h0gu,Kaeri Hernandez Mariona
t0lc,Kai Thompson
w712,Kai Wehnelt
w0g2,Kai-An Wu
w0ey,Kai-I Wang
u120,Kaichi Uchida
k0pj,Kaigaoge Kang
u174,Kaito Uesugi
i0ap,Kalin Ivanovski
mq75,Kamil Majchrzak
b0rn,Kane Bonsach Ganley
s0ri,Karan Singh
ke29,Karen Khachanov
b0qq,Karim Bennani
i0b3,Karim Ibrahim
mj70,Karim-Mohamed Maamoun
f09j,Karl Friberg
l0ka,Karl Kazuma Lee
p0c1,Karl Poling
o0bq,Karlis Ozolins
k0dd,Karlo Kajin
f0hn,Karol Filar
m0rq,Karol Malirz
sm88,Karue Sell
s1cy,Kase Schinnerer
s0hr,Kasidit Samrej
m1ah,Kaspar Mathes
r0k4,Kasra Rahmani
a0f7,Kaya Arinc
b0pw,Kaylan Bigun
n934,Kazuki Nishiwaki
ke85,Kazuma Kawachi
h0m1,Keaton Hance
r0ji,Keegan Rice
s0dq,Keegan Smith
m0da,Keenan Mayo
n552,Kei Nishikori
s0ld,Keisuke Saitoh
g0kx,Kelly Giese
d750,Kenny De Schepper
m0rx,Kenta Miyoshi
y0b7,Kerem Yilmaz
c0gg,Keshav Chopra
e0d4,Kevin Edengren
m0fn,Khololwam Montsi
sr81,Khumoyun Sultanov
v0g9,Kian Vakili
f0f4,Kilian Feldbausch
cg33,Kimmer Coppejans
p0ed,Kiranpal Pannu
ki71,Kirill Kivattsev
sj67,Ko Suzuki
pl69,Kody Pearson
m0sb,Koki Matsuda
i0ax,Kokoro Isomura
z0bu,Konstantin Zhzhenov
ki91,Koray Kirci
h0k2,Kornel Halmos
o09t,Kosuke Ogura
s0i1,Kosuke Shibano
t0il,Kriish Tyagi
va23,Kris Van Wyk
j0bq,Kristijan Juhas
tg67,Kristjan Tamm
ke42,Krittin Koaykul
lh70,Kuan-Yi Lee
x01d,Kuang Qing Xu
p0p2,Kunanan Pantaratorn
c0b9,Kuzey Cekirge
e831,Kyle Edmund
k0hl,Kyle Kang
o0bg,Kyle Overmyer
sz28,Kyle Seelig
c0pl,Kylian Collignon
j0az,Kyrian Jacquet
m0zk,Lachlan James Mcfadzean
db63,Laslo Djere
p0ks,Lasse Poertner
t0l3,Laurence Teunissen
lc12,Laurent Lokoli
a0e0,Laurin Aerne
f0af,Lautaro Agustin Falabella
c0o5,Lautaro Correa Beguerie
m0oh,Lautaro Midon
r0nr,Lautaro Rocha
bm09,Lawrence Bataljin
v0b5,Lazar Vojinovic
r0fs,Leandro Riedi
t0ha,Learner Tien
s0cv,Leevi Saatela
c0tm,Lenny Couturier
b0jg,Leo Borg
d0j9,Leo Deflandre
l0l7,Leo Lagarrigue
r0hq,Leo Raquillet
v0g6,Leo Vithoontien
s1ea,Leon Sloboda
ag57,Leonardo Aboian
a0l8,Leonardo Angeloni
b0m8,Leonardo Borrelli
c0r1,Leonardo Cattaneo
i0bj,Leonardo Iemmi
m0n4,Leonardo Malgaroli
p0ox,Leonardo Primucci
r0h6,Leonardo Rossi
s1dp,Leonardo Suarez
s0lf,Leonid Sheyngezikht
s1d6,Lev Seidman
l0by,Lewie Lane
r0ew,Leyton Rivera
tc01,Li Tu
b0m0,Liam Branger
bi23,Liam Broady
d0ia,Liam Delicata
d0dp,Liam Draxl
g0gz,Liam Gavrielides
h0h5,Liam Hignett
k0ir,Liam Krall
m0gy,Lilian Marmousez
x01a,Linang Xiao
z0c5,Linghao Zhang
z0a2,Lingxi Zhao
l0hy,Linus Lagerbohm
hg86,Lloyd Harris
l0im,Loan Lestir
m0qk,Loann Massard
n0f3,Loic Namigandet Tenguere
b0q1,Loren Thomas Byers
a0hz,Lorenzo Angelini
b0z4,Lorenzo Balducci
b0qk,Lorenzo Beraldo
b0am,Lorenzo Bocchi
c0ow,Lorenzo Carboni
c0rx,Lorenzo Comino
f0dw,Lorenzo Ferri
g0d4,Lorenzo Gagliardo
ga79,Lorenzo Giustino
r0bc,Lorenzo Joaquin Rodriguez
l0g4,Lorenzo Lorusso
m0ej,Lorenzo Musetti
r0b6,Lorenzo Rottoli
s0w4,Lorenzo Sciahbasi
su87,Lorenzo Sonego
d09l,Louis Dussin
h0b3,Louis Herman
l0io,Louis Larue
tg42,Louis Tessa
v0as,Louis Van Herck
wb25,Louis Wessels
fc50,Luc Fomba
k0ge,Luc Koenig
c0hv,Luca Castagnola
ch80,Luca Castelnuovo
f0e4,Luca Fantini
n0bg,Luca Nardi
p0ik,Luca Parenti
p0b2,Luca Potenza
p0jl,Luca Pow
p0me,Luca Preda
s0h1,Luca Staeheli
v0dz,Luca Van Assche
w09t,Luca Wiedenmann
a0l6,Lucas Andrade Da Silva
bu32,Lucas Bouquet
gf23,Lucas Gerch
m0wz,Lucas Marionneau
pj74,Lucas Poullain
h0hc,Lucca Helguera Casado
l0m6,Lucca Liu
p0iu,Lucca Pinto
c0c5,Luciano Carraro
d0fj,Luciano Darderi
a0ik,Luciano Emanuel Ambrogi
r0hp,Lucio Ratti
k0kn,Lucky Candra Kurniawan
m0nj,Lui Maxted
f0j4,Luis Andres Flores Avila
a0iy,Luis Carlos Alvarez
mf70,Luis David Martinez
m0ot,Luis Felipe Miguel
g0o2,Luis Garcia Paez
n0f1,Luis Jose Nakamine
b0uf,Luka Bojicic Ono
m0n1,Luka Mikrut
p0ay,Luka Pavlovic
t0jm,Luka Talan Lopatic
h0bc,Lukas Hellum-Lilleengen
ki63,Lukas Klein
n0cs,Lukas Neumayer
p0hp,Lukas Pokorny
h0l8,Luke Hooper
s0ao,Luke Simkiss
m0d4,M Rifki Fitriadi
k0mw,Maan Kesharwani
v0j6,Mac Visser
m0ry,Maciej Matuszczyk
ra43,Maciej Rajski
mk66,Mackenzie McDonald
k0hm,Madhwin Kamath
m0to,Mae Malige
c0u6,Mahmoud Chetouane
s0gf,Maik Steiner
d0hb,Maikel De Boes
m0u5,Mak Mikovic
k0j6,Makar Krivoshchekov
o664,Makoto Ochi
k0hc,Maks Kasnikowski
d0ox,Malanqi Du
d0ji,Manas Dhamne
l0kr,Manel Lazaro Juncadella
sy74,Manish Sureshkumar
gh33,Manuel Guinard
m0en,Manuel Mazza
m0nz,Manuel Mouilleron Salvo
p0ln,Manuel Plunger
si82,Manuel Sanchez
b0w4,Manvydas Balciunas
s0mn,Marat Sharipov
m0v5,Marc Majdandzic
pg94,Marc Polmans
v0in,Marc Van Der Merwe
hh06,Marc-Andrea Huesler
k0i7,Marcel Kamrowski
l0o6,Marcel Latak
z0c9,Marcel Zielinski
s0rf,Marcello Serafini
a0mb,Marcin Andrzejczak
cf01,Marco Cecchinato
f0dd,Marco Furlanetto
m1bk,Marco Migliorati
ta29,Marco Trungelliti
c0q8,Marcos Castro Fabra
gc88,Marcos Giron
w719,Marcus Walters
g09c,Marek Gengel
d0ku,Mariano Dedura-Palomero
ke69,Mariano Kestelboim
n0bs,Mariano Navone
t0g2,Mariano Tammaro
c977,Marin Cilic
g0g2,Mario Gonzalez Fernandez
m0ee,Mario Mansilla Diez
m0xa,Mario Martinez Serrano
h0gi,Mark Havlicek
l0gh,Mark Lajal
w716,Mark Whitehouse
m0no,Marko Maksimovic
m0t3,Marko Mesarovic
m0cg,Marko Miladinovic
m0xd,Marko Milosavljevic
t0fi,Marko Topo
kd48,Markos Kalovelonis
m0vh,Markus Malaszszak
m0w0,Markus Molder
v0bp,Marlon Vankan
v0do,Martin Antonio Vergara Del Puerto
b0a1,Martin Borisiouk
d0dt,Martin Damm
d0no,Martin Doskocil
k966,Martin Klizan
k0fy,Martin Krumich
l0il,Martin Landaluce
m0k6,Martin Maldonado
s0rh,Martin Sabas
v0bs,Martin Van Der Meerschen
r0ct,Martins Rocens
f724,Marton Fucsovics
p0ig,Martyn Pawelski
s0ce,Marvin Bernardo Spiering
m0bn,Marvin Moeller
i426,Masamichi Imamura
n0ag,Mason Naumovski
g0i3,Massimo Giunta
v0et,Matas Vasiliauskas
va70,Mate Valkusz
b0tt,Matei Florin Breazu
t0hn,Matei Todoran
v0jw,Matei Varbanciu
d0l3,Matej Dodig
b0e4,Mateo Barreiros Reyes
c0su,Mateo Carballo
c0lg,Mateo Castañeda
d0hz,Mateo Del Pino
d0ar,Mateus Alves
s1a6,Mateya Stanisavljevic
p0df,Matheus Pucinelli De Almeida
bk19,Mathias Bourgue
s09b,Mathieu Scaglia
b0m7,Mathis Bondaz
d0lz,Mathys Domenc
e0ac,Mathys Erhard
p0qh,Mathys Picard
p0i4,Matias Ponce De Leon Gomila
s0ek,Matias Soto
h0jq,Matic Hribar
k0jy,Matic Kriznik
ph42,Matija Pecotic
b0pn,Matisse Bobichon
f0ig,Matisse Farzam
rh62,Mats Rosenkranz
h0hs,Matt Hulme
k0o6,Matt Kleiman
k0em,Matt Kuhar
p0iv,Matt Ponchet
a0fc,Matteo Arnaldi
bk40,Matteo Berrettini
c0px,Matteo Covato
dh35,Matteo De Vincentis
f0gu,Matteo Fondriest
g0gd,Matteo Gigante
g0qb,Matteo Gribaldo
l0jc,Matteo Lavizzari
mw76,Matteo Martineau
m0ws,Matteo Mesaglio
s1az,Matteo Sciahbasi
c0up,Matthew Carroll
d0a2,Matthew Dellavedova
f0i8,Matthew Forbes
r0hx,Matthew Rankin
s0im,Matthew Segura
s0y7,Matthew Summers
t0bh,Matthew Thomson
d0hm,Matthew William Donald
u0a3,Matthias Ujvary
b0gg,Mattia Bellucci
n0g6,Mattia Nannelli
p0ot,Mattias Pisanu
c0gu,Matyas Cerny
f09u,Matyas Fuele
s1cx,Mauricio Schtulmann Gasca
a0ea,Max Alcala Gurri
b0je,Max Basing
d0i5,Max Dahlin
r0ed,Max Hans Rehberg
h0cx,Max Houkes
s0vu,Max Schoenhaus
s0tj,Max Sheldon
w0bb,Max Wiskandt
b0a0,Maxence Beauge
b0bz,Maxence Bertimon
r0ib,Maxence Rivet
c0sk,Maxi Carrascosa Diaz
g0pq,Maxim Groysman
m0se,Maxim Mrva
s0uu,Maxim Shin
z0c3,Maxim Zhukov
cd00,Maxime Chazal
c0bc,Maxime Cressy
j620,Maxime Janvier
b0xe,Maximilian Borisov
f0fb,Maximilian Figl
h0gk,Maximilian Homberg
mn13,Maximilian Marterer
n663,Maximilian Neuchrist
o0d2,Maximilian Oezcelik
t0de,Maximilian Todorov
z0co,Maximo Zeitune
j0d2,Maximus Jones
w0en,Maximus Zavier Wong
e0dp,Maxwell Exsted
m0i0,Maxwell Mckennon
r0kd,Mees Rottgering
b0m1,Mehdi Benchakroun
a0lv,Melih Anavatan
ea31,Melios Efstathiou
k0n5,Melvin Kumar
a09q,Mert Alkaya
td49,Mert Naci Turker
b0j8,Micah Braswell
a0ja,Michael Agwi
a0o1,Michael Antonius
b0lv,Michael Bassem Sobhy
gg65,Michael Geerts
g0ei,Michael Gloeckler
mp01,Michael Mmoh
v0b2,Michael Vrbensky
z0bz,Michael Zheng
z350,Michael Zhu
k0l1,Michal Krajci
m0mu,Michal Novansky
s0g3,Michalis Sakellaridis
h0gw,Michel Hopp
m0xl,Michele Mecarelli
r0jw,Michele Ribecai
dh55,Michiel De Krom
k0nt,Mickael Kaouk
d0cn,Miguel Damas
t0i3,Miguel Tobon
v0gb,Miha Vetrih
c0ke,Mihai Alexandru Coman
m0ho,Mihai Razvan Marinescu
b0lw,Mika Brunold
l0gj,Mika Lipp
p0o9,Mika Petkovic
a0k4,Mikael Arseneault
y268,Mikael Ymer
a0hk,Mikail Alimli
sg78,Mikal Statham
hh15,Mikalai Haliak
m0nf,Mikel Martinez
d0k1,Mikhail Dubrouski
k926,Mikhail Kukushkin
l0du,Mikolaj Lorens
w0an,Milan Welte
c0q5,Miles Clark
j0ai,Miles Jones
p0gq,Mili Poljicak
h0ei,Millen Hurrion
k0hg,Milos Karol
m0nk,Milos Mikovic
k0q7,Min Ho Ko
z0d7,Minghui Zhang
m0fx,Minjong Park
ki95,Miomir Kecmanovic
be67,Mirza Basic
kc12,Mitchell Krueger
l0i5,Mitsuki Wei Kang Leong
m0qj,Moein Moazam
b0ek,Moerani Bouzige
ea13,Moez Echargui
a0fu,Mohamed Ali Abibsi
mn49,Mohamed Nazim Makhlouf
sk47,Mohamed Safwat
a0kf,Mohammad Alkotop
k0o4,Moise Kouame
k0iv,Moritz Kudernatsch
a0n5,Motoharu Abe
mp13,Mukund Sasikumar
dc48,Murkel Dellien
c0ht,Murphy Cassone
s1d0,Mustafa Ege Sik
m0fs,Muzammil Murtaza
mw69,Mwendwa Mbithi
n707,Naoki Nakagawa
t0b4,Naoki Tajima
h0j1,Naoya Honda
r0ek,Natan Rodrigues
b0qd,Nathan Anthony Barki
c0t8,Nathan Cox
ph67,Nathan Ponwith
t0fw,Nathan Trouve
d0o8,Nav Dayal
o0ad,Neil Oberleitner
m0de,Nemanja Malesevic
n0da,Neo Niedner
f840,Nerman Fatic
mw37,Nicaise Muamba
b0jl,Niccolo Baroni
c0c1,Niccolo Catini
c0ko,Niccolò Ciavarella
i0a7,Nicholas David Ionel
g0jc,Nicholas Godsick
s1bn,Nicholas Steiglehner
cf10,Nick Chappell
h0a4,Nick Hardt
ke17,Nick Kyrgios
h0i7,Nico Hipfl
i0bw,Nicola Ion
ki74,Nicola Kuhn
r0b3,Nicola Rispoli
s1be,Nicola Senn
b0u4,Nicolai Budkov Kjaer
a09u,Nicolas Alvarez Varona
a0k3,Nicolas Arseneault
b0yb,Nicolas Baena
bc76,Nicolas Barrientos
bu64,Nicolas Bruna
r0er,Nicolas Esteban Rico Arias
g0kv,Nicolas Garcia Longo
h0gm,Nicolas Hollender
h0mb,Nicolas Hurtado Novoa
k0lx,Nicolas Ian Kotzen
i0br,Nicolas Ifi
j0dl,Nicolas Jadoun
j551,Nicolas Jarry
kc29,Nicolas Kicker
k0jb,Nicolas Kobelt
m0aw,Nicolas Mejia
mw18,Nicolas Moreno De Alboran
o0cl,Nicolas Oliveira
pm12,Nicolas Parizzia
g0j6,Nicolas Rafael Goldberg Alviani
r0i9,Nicolas Robert
t0bd,Nicolas Tepmahc
v0f6,Nicolas Villalon
z0by,Nicolas Zanellato
t0hw,Nicolo Toffanin
le38,Niels Lootsma
m0xq,Niels McDonald
v0c2,Niels Peter Van Noord
r0lr,Niels Ratiu
v0d0,Niels Visker
m0s4,Nik Mikovic
b0v0,Nikita Bilozertsev
i0b1,Nikita Ianin
mw62,Nikita Mashtakov
f0hz,Nikita Samuel Filin
v0d2,Nikita Volonski
g0ci,Niklas Guttau
n0gp,Niklas Niggemann
sz36,Niklas Schell
w0br,Niklas Waldner
b0hd,Nikola Basic
d0jh,Nikola Djosic
d0m5,Nikola Djukic Valera
j0ed,Nikola Jovic
s0kg,Nikola Slavic
b0w9,Nikolai Barsukov
s0gz,Nikolas Sanchez Izquierdo
s1dh,Nikolas Stoot
v0bd,Nikolay Vylegzhanin
bg23,Nikoloz Basilashvili
l0hq,Nikos Lehmann
e0bo,Nino Ehrenschneider
sp80,Nino Serdarusic
b0nn,Nishesh Basavareddy
sy50,Nitin Kumar Sinha
v0es,Noa Vukadin
b0wt,Noah Brownrigg
j0fk,Noah Johnston
k0n9,Noah Karma
l0g1,Noah Lopez
l0ju,Noah Lopez Cherubino
m1a4,Noah Martens
p0jk,Noah Perfetti
r0hd,Noah Regas Luis
s0jb,Noah Schachter
s0sn,Noah Schlagenhauf
t0dn,Noah Thurner
z0ce,Noah Zamora
l0ch,Noel Larwig
n0bl,Noppadol Noikor
gb93,Norbert Gombos
m0wk,Norbert Marosik
k0mb,Noritaka Koizumi
d643,Novak Djokovic
n0dh,Novak Novakovic
bt72,Nuno Borges
s0v8,Ofek Shimanov
m0ur,Ognjen Milic
p0it,Olaf Pieczkowski
pl64,Oleg Prihodko
o0be,Oleksandr Ovcharenko
k0dp,Oleksii Krutykh
ad23,Oliver Anderson
s1fs,Oliver Andre Solis Encinas
b0vf,Oliver Bonding
c0ak,Oliver Crawford
j0bu,Oliver Johansson
o0ci,Oliver Ojakaar
o0bc,Oliver Okonkwo
t0gr,Oliver Tarvet
w0bu,Olle Wallin
b0mi,Omar Brigida
j553,Omar Jasika
h0ds,Ondrej Horak
k0ho,Orel Kimhi
v0gg,Oren Vasser
f0fp,Oriol Font
rb60,Oriol Roca Batalla
lf26,Orlando Luz
b0zk,Oscar Brown
gc17,Oscar Jose Gutierrez
l0je,Oscar Lacides
m0es,Oscar Moraing
o449,Oscar Otte
p0g7,Oscar Pinto Sansano
w0ax,Oscar Weightman
p0in,Oskar Brostrom Poulsen
g0mb,Oskar Grzegorzewski
j0e3,Oskar Jansson
e0d6,Oskari Eerola
p0n6,Oskari Paldanius
r0mh,Oswaldo Alejandro Reyes Tirado
v0am,Otto Virtanen
c0hx,Ozan Baris
a0lf,Pablo Aunion
cd85,Pablo Carreno Busta
l0cx,Pablo Llamas Ruiz
m0o6,Pablo Martinez Gomez
m0j2,Pablo Masjuan Ginel
r0mo,Pablo Robledo
t0hs,Pablo Trochu
ag64,Parth Aggarwal
a714,Patricio Alvarado
b0nv,Patrick Brady
j0fd,Patrick Jozwicki
k0a3,Patrick Kypson
m0re,Patrick Maloney
s0wx,Patrick Schoen
z09f,Patrick Zahraj
h0ie,Patrik Homola
m0x3,Patrik Munkhammar
n754,Patrik Niklas-Salminen
t0j0,Patrik Trhac
b0py,Paul Barbier Gazeu
i0b6,Paul Inchauspe
j0a4,Paul Jubb
s0iv,Paulo Andre Saraiva Dos Santos
k09f,Pavel Kotov
l0n0,Pavel Lagutin
m0te,Pavle Marinkov
t0ge,Pavlos Tsitsipas
cf60,Pawel Juszczak
s0vo,Pawit Sornlaksup
d0kr,Pedro Andre De Almeida Santos
a0es,Pedro Araujo
b0fi,Pedro Boscardin Dias
cg04,Pedro Cachin
c0to,Pedro Henrique Chabalgoity
mo44,Pedro Martinez
r0h2,Pedro Rodenas
r0jh,Pedro Rodrigues
sl94,Pedro Sakamoto
v09t,Pedro Vives Marcos
p0id,Peetu Pohjola
l0cs,Pengyu Lu
c0sw,Penn Charusorn
b0tk,Pepijn Bastiaansen
j0cs,Petar Jovanovic
a0l4,Peter Alam
p0gp,Peter Benjamin Privara
bp79,Peter Bertran
b0pd,Peter Buldorini
f0dp,Peter Fajta
m0dy,Peter Makk
s0gw,Peter Sallay
b0lq,Petr Bar Biryukov
b0ov,Petr Brunclik
mi33,Petr Michnev
n0cj,Petr Nesterov
tg77,Petros Tsitsipas
h0bf,Philip Henning
h0ce,Philip Hjorth
s0ti,Philip Sekulic
r0lq,Philippe Renard
j0dk,Phillip Jordan
p0mh,Photos Photiades
b0vx,Pierluigi Basile
f0j3,Pierre Antoine Faut
t0fo,Pierre Antoine Tailleu
d0db,Pierre Delage
n0h3,Pierre Ngijol Carre
b0m3,Pierre Yves Bailly
h996,Pierre-Hugues Herbert
p0nt,Piet Luis Pinter
d0lk,Pieter De Lange
f0bp,Pietro Fellin
g0qr,Pietro Gava
m0k2,Pietro Marino
p0hl,Pietro Pampanin
s0i7,Pietro Romeo Scomparin
v0fd,Pijus Vaitiekunas
m0ea,Pol Martin Tiffon
k0js,Pranav Kumar
b0g6,Preston Brown
s0tt,Preston Stearns
s0jv,Qian Sun
w0ez,Qiulin Wang
hb64,Quentin Halys
v0dg,Quinn Vandecasteele
m0n2,Radovan Michalik
a829,Radu Albot
t0jz,Radu David Turcanu
p0fj,Radu Mihai Papoe
g0qs,Rafael Augusto Garcia Finetto
d0jm,Rafael De Alba
g0f9,Rafael Giotis
i09u,Rafael Izquierdo Luque
j0dz,Rafael Jodar
k0h9,Rafael Kis Balazs
s0tz,Rafael Segado Esteve
t0ch,Rafael Tosetto
j0af,Raghav Jaisinghani
d0ef,Rahul Dhokia
s1fv,Rajat Shirur
o0eo,Ramazan Kaan Oktay
a0li,Ramiro Amarilla
rb56,Ramkumar Ramanathan
c0jp,Raphael Collignon
p0mg,Raphael Perot
v0i5,Raphael Vaksmann
p0ms,Rares Teodor Pieleanu
bv24,Raul Brancaccio
b0pu,Reda Bennani
f0e0,Reece Falck
sy72,Reese Stalder
s0uv,Rei Sakamoto
j0fs,Reid Jarvis
o522,Reilly Opelka
k0m3,Rein Koenders
bu70,Remy Bertola
d0or,Remy Dugardin
n786,Ren Nakamura
td55,Renta Tokuda
o376,Renzo Olivo
s19t,Rethin Pranav Senthil Kumar
l0o2,Rhys Lawlor
n0gm,Ricard Novell
be90,Ricardas Berankis
rb00,Ricardo Rodriguez - Pace
a0nu,Richard Antoni
g628,Richard Gasquet
z0b7,Richard Zusman
tg30,Rigele Te
n0fs,Rihards Neimanis
t0gs,Riku Takahata
h0bh,Rinky Hijikata
n09u,Rio Noguchi
rh87,Rishi Reddy
j0d3,Roan Jones
g0kq,Robert Guna
s0gv,Robert Strombachs
bd06,Roberto Bautista Agut
cf59,Roberto Carballes Baena
cf88,Roberto Cid Subervi
f0gr,Roberto Ferrer Guimaraes
p0no,Roberto Perez Socas
b0jj,Robin Bertrand
c0jt,Robin Catry
p0gd,Rocco Piatti
v0hb,Rocco Valente
j417,Rodolfo Jauregui Sainz de Rozas
a0kh,Rodrigo Alujas
f0hb,Rodrigo Fernandes
p0j1,Rodrigo Pacheco Mendez
r0if,Rodrigo Reyna
p0k3,Roger Pascual Ferra
m0n5,Rohan Mehra
m0or,Rohan Murali
a0mm,Romain Andres
f0f0,Romain Faucon
g0gf,Romain Gales
b0fv,Roman Andres Burruchaga
k0ob,Roman Kharlamov
p0dh,Roman Postolka
sx50,Roman Safiullin
a0k7,Romeo Arcuschin
h0cu,Ronald Hohmann
k0oy,Ronit Karki
m0ac,Rudolf Molleker
q02o,Rudy Quan
s0yj,Ruslan Serazhetdinov
t0gk,Ruslan Tiukaev
a0iq,Ryan Augusto Dos Santos
c0kv,Ryan Colby
d0in,Ryan Dickerson
f0hi,Ryan Fishback
h624,Ryan Haviland
sy31,Ryan James Storrie
n0b4,Ryan Nijboer
ph78,Ryan Peniston
s0dl,Ryan Seggerman
t0la,Ryan Torres
j0au,Ryder Jackson
t0k1,Ryo Tabata
tg46,Ryota Tanuma
t0ia,Ryotaro Taguchi
mm67,Ryotero Matsumura
m0g0,Ryuki Matsuda
h0bp,Ryusuke Horiuchi
dh23,S D Prajwal Dev
ba98,S. Bolelli
j0eq,Saahith Jayaraman
n0et,Saba George Nanobashvili
p0ea,Saba Purtseladze
g0h0,Sai Karteek Reddy Ganta
t0ja,Saki Tange
m0xg,Salvador Monteiro
p0lg,Salvador Price
r0dp,Sam Ryan Ziegann
b0i6,Samir Banerjee
h0ez,Samir Hamza Reguig
i308,Samir Iftikhar
l0ld,Samuel Alejandro Linde Palacios
b0dq,Samuel Brosset
h0hu,Samuel Heredia
s0vy,Samuel Stolarik
v0di,Samuel Vincent Ruggeri
p0hy,Samuele Pieri
s0vz,Samuele Seghetti
k0f3,Samuil Konov
e0d3,Samyar Elyasi
j0cu,Sander Jong
d0kn,Sandesh Dattatray Kurale
k0cj,Sandro Kopp
s09p,Sanhui Shin
d0dk,Santiago De La Fuente
g0j4,Santiago Giamichelle
l0gx,Santiago Lora
rh59,Santiago Rodriguez Taverna
ad04,Sarp Agabigun
s0xw,Sarthak Suden
m0r8,Sasa Markovic
g0gw,Sascha Gueymard Wayenburg
c0ui,Sasha Colleu
i0be,Saveliy Ivanov
d0cf,Savriyan Danilov
p0b6,Savva Polukhin
r0mi,Savva Rybkin
j0a6,Scott Jones
c0jx,Sean Cuenin
h0gj,Sean Hess
h0aa,Sean Hodkin
b0bi,Sebastian Baez
d0fh,Sebastian Dominguez
d0i0,Sebastian Dominko
e0ci,Sebastian Eriksson
f664,Sebastian Fanselow
g0eq,Sebastian Gima
g0jj,Sebastian Gorzny
j0f8,Sebastian Grundtvig Jorgensen
k0ah,Sebastian Korda
o513,Sebastian Ofner
pl38,Sebastian Prechtel
s0qz,Sebastian Sorger
c0s4,Sebastiano Cocola
g0l1,Segundo Goity Zapico
w0aj,Seita Watanabe
n0ec,Seiya Nakanishi
bh02,Sekou Bangoura
p0ka,Semen Pankin
c0nx,Seongwoo Cho
h0dp,Seonyong Han
bd82,Sergey Betov
f0a3,Sergey Fomin
p0pc,Sergey Petrov
f0go,Sergi Fita Juan
pi96,Sergi Perez Contri
b0sl,Sergio Badini
c0p0,Sergio Callejon Hernando
i419,Sergio Ingles Garre
hh08,Sergio Luis Hernandez Ramirez
p0ou,Sergio Planella Hernandez
p0mf,Seungmin Park
a0ie,Seydina Andre
l0k1,Shaoyun Liu
t0a0,Sheng Tang
h0ba,Shinji Hazawa
i330,Shintaro Imai
m0hu,Shintaro Mochizuki
z0e1,Shixun Zhu
k907,Sho Katayama
sy67,Sho Shimabukuro
m0rc,Shu Matsuoka
m0wd,Shu Muto
m0na,Shunsuke Mitsui
n0ct,Shunsuke Nakagawa
b0a2,Siddhant Banthia
va48,Siddharth Vishwakarma
rb86,Sidharth Rawat
m0y6,Silvio Mencaglia
s1ar,Simeon Stankovic
b0c3,Simon Beaupain
r0bn,Simon Reveniau
a0i0,Simone Agostini
m1bv,Simone Massellani
m0cy,Siphosothando Montsi
a0l1,Siwanat Auytayakul
kf17,Soonwoo Kwon
f965,Sora Fukuda
j0f2,Spencer Johnson
w367,Stan Wawrinka
a0j5,Stefan Adrian Andreescu
c0np,Stefan Cooper
d0d4,Stefan Dostanic
h0l4,Stefan Horia Haita
p0qk,Stefan Ilie Bogdan Petre
ke64,Stefan Kozlov
l0c6,Stefan Latinovic
mw03,Stefan Menichella
p0cy,Stefan Palosi
p0g5,Stefan Popovic
sg13,Stefan Seifert
s0if,Stefan Storch
va31,Stefan Vujic
d0d9,Stefano D'Agostino
n679,Stefano Napolitano
ta12,Stefano Travaglia
s0kt,Stefanos Sakellaridis
te51,Stefanos Tsitsipas
b0mf,Stepan Baum
k0lc,Stephane Pierre-Jo Kamendje
s1cl,Stephen Slocombe
p0fz,Stevan Popovic
d916,Steven Diez
k0lp,Stian Klaassen
p0mi,Stijn Paardekooper
p0gf,Stijn Pel
s0e6,Stijn Slump
kg27,Strong Kirchheimer
p0bk,Stuart Parker
c0l4,Stylianos Christodoulou
a0jp,Suk Ann
c0gw,Suk Hyun Choo
n897,Sumit Nagal
s0jw,Sungbeen Sim
c0k4,Sven Corbinais
g0j9,Svyatoslav Gulin
z0cr,Sydney Zick
k0hb,Szymon Kielan
p0bm,Tadeas Paroulek
m0vx,Tadeo Meneo
r0ds,Tadija Radovanovic
b0d6,Taha Baadi
s0u5,Tai Sach
i0a6,Taisei Ichikawa
y0a8,Taiyo Yamanaka
y0ab,Takeru Yuzuki
t0ba,Taketo Takamisawa
k0de,Takuya Kumasaka
gj37,Tallon Griekspoor
g0en,Tanguy Genier
e0em,Tarek Erlewein
da81,Taro Daniel
fb98,Taylor Fritz
a0hm,Taym Al Azmeh
d0o2,Teodor Davidov
a0gc,Terence Atmane
kd35,Thai-Son Kwiatkowski
c0ds,Thanapet Chanta
b0w7,Thanaphat Boosarawongse
kd46,Thanasi Kokkinakis
l0co,Thando Longwe-Smit
s0mj,Thantub Suksumrarn
h0if,Theo Herrmann
p0k5,Theo Papamalamis
d0n2,Theodore Dean
p0p1,Thiago Agustin Pernas
t0a1,Thiago Agustin Tirante
c0gk,Thiago Cigarran
mj08,Thiago Monteiro
sx91,Thiago Seyboth Wild
l0fv,Thijmen Loof
b0t6,Thijs Boogaard
b0jn,Thomas Braithwaite
d0fy,Thomas Deschamps
d0me,Thomas Drayton
fa50,Thomas Fancutt
f0ho,Thomas Faurel
g0nu,Thomas Gerbaud
g0q8,Thomas Gunzinger
k0jr,Thomas Kostka
g0ki,Thomas Nicholas Gadecki
cn88,Tiago Cacao
p0k4,Tiago Pereira
s0to,Tiago Silva
t0cn,Tiago Torres
z0d1,Tianhui Zhang
c0i4,Tibo Colson
b0yc,Tighe Brunetti
k0kl,Tilen Kovac
h0eh,Tim Handel
l0go,Tim Loosen
rh45,Tim Ruehl
t0jj,Timeo Trufelli
l0er,Timo Legout
d0l8,Timofei Derepasko
s0gr,Timofey Skatov
s0so,Timofey Stepanov
c0uu,Tito Chavez
d0dw,Titouan Droguet
b0wx,Tobia Costanzo Baragiola Mordini
g0kz,Tobia Grandinetti
k0eu,Toby Kodat
ml51,Toby Martin
s0tm,Toby Samuel
g0ib,Tom Gentzsch
h0d8,Tom Hands
p0gn,Tom Paris
s0zh,Tom Sickenberger
z09g,Tom Zeuch
bs86,Tomas Barrios Vera
cn44,Tomas Curras Abasolo
d0oh,Tomas Dummer Macedo
f0bv,Tomas Farjat
l0nq,Tomas Jordi Leston
l0ga,Tomas Lanik
m0fh,Tomas Machac
m19s,Tomas Marin
ea24,Tomas Martin Etcheverry
m0qq,Tomas Martinez
p0ih,Tomas Pinho
rh76,Tomas Rengel Sierra
l0cu,Tomas Serrano Luis
z0e8,Tomas Zurmendi
b0p4,Tomasz Berkieta
pl60,Tomislav Edward Papac
c0bb,Tommaso Compagnucci
pl56,Tommy Paul
mv39,Tomohiro Masabayashi
a0ip,Toprak Avcibasi
h0ad,Toru Horie
k0oq,Toshiki Karigyo
sy94,Toufik Sahtali
s0vm,Trevor Svajda
h0b7,Trey Hilderbrand
b0ej,Tristan Boyer
lc11,Tristan Lamasine
m0eg,Tristan McCormick
s0n0,Tristan Schoolkate
s1ap,Tristan Stringer
h0b5,Tsung-Hao Huang
w0f3,Tsz Fu Wong
b0u1,Tudor Batin
d0io,Tuncay Duran
w857,Tung-Lin Wu
h0li,Ty Host
b0qa,Tyler Bowers
s0ik,Tyler Stice
z0ak,Tyler Zink
b0sw,Tymur Bieldiugin
k0mv,Udit Kamboj
bv16,Ugo Blanchet
hh26,Ugo Humbert
p0av,Uisung Park
i236,Uladzimir Ignatik
u0ai,Vaal Urankar
k0jm,Vadym Konovchuk
u176,Vadym Ursu
p0io,Valdemar Frederik Pape
b0nf,Valentin Basel
g0lf,Valentin Garay
g0ot,Valentin Guadagno
k0mi,Valentin Kopeikin
l0ev,Valentin Lapalu
r0eb,Valentin Royer
va25,Valentin Vacherot
va67,Valentin Vanta
c0qw,Valentino Conte
g0nc,Valentino Grippo
a0g7,Valerio Aboian
m0tn,Vardan Manukyan
l0fz,Vasco Leote Prata
ce80,Vasilios Caripi
k0i0,Veljko Krstic
a0g9,Vesa Ahti
b0ll,Viacheslav Bielinskyi
o0c9,Viacheslav Ovchinnikov
m1a0,Vicente Menezes Freda
m0yc,Vicente Monge
b0re,Victor Barrere
b0na,Victor Braga
r0l5,Victor Hugo Remondy Pagotto
l0g8,Victor Lilov
a0e2,View All
g0q1,Vignesh Gogineni
dc76,Viktor Durasovic
f0i5,Viktor Frydrych
j0cm,Viktor Jovic
m0rf,Viktor Markov
g0fw,Vilius Gaubas
d0nd,Vincent Dullinger
r0nm,Vincent Jakob Reisach
m0v7,Vincent Marysko
v505,Vishnu Vardhan
k0lg,Vit Kalina
ki82,Vit Kopriva
ss25,Vitaliy Sachko
z0ct,Vitaliy Zatsepin
d0b1,Vito Dell'Elba
t0hm,Vito Tonejc
b0p7,Vlad Cristian Breazu
t0e2,Vladan Tadic
b0p5,Vladimir Bazilevskiy
h0k8,Vladimir Holban
m0dq,Vladislav Melnic
j0f0,Vlado Jankanj
o659,Vladyslav Orlov
g0ou,Volodymyr Gurenko
i0bn,Volodymyr Iakubenko
r0io,Vuk Radjenovic
td06,Vullnet Tashi
a0ey,Walid Ahouda
x01e,Weitao Xu
p0os,Weiwen Pan
k0nh,Weiyi Kong
f0io,Wen Bo Fan
m0uo,Will Mayew
g0dd,William Grant
j0ct,William Jansen
m0r9,William Mirarchi
n0d6,William Nolan
r0iu,William Rejchtman Vinciguerra
z0e5,William Zhang
la54,Wilson Leite
tb70,Wishaya Trongcharoenchaikul
a0gq,Wissam Abderrahman
s0in,Woobin Shin
l0lu,Woong Bi Lee
l0o4,Woong Chan Lee
p0q2,Xavi Palomar
f0ij,Xavier Ferrer Mateo
w0b3,Xiaofei Wang
y0bg,Xiaoyin Yang
c0pk,Xing Dao Chen
h0k1,Xirui Han
y0bm,Yamato Yukawa
be69,Yan Bai
c0pw,Yan Cheng Chen
m0ka,Yanaki Milev
g0lg,Yanis Ghazouani Durand
e0aa,Yanki Erel
h997,Yannick Hanfmann
a0m2,Yannick Theodor Alexandrescou
k0j9,Yannik Kelm
r0j0,Yannik Rahman
z0c7,Yaojie Zeng
sk97,Yaraslav Shyla
d0i6,Yaroslav Demin
w0g4,Yassin Ahmed Wageh
d0fa,Yassine Dlimi
s0jk,Yassine Smiej
u134,Yasutaka Uchiyama
l0i8,Yazid Lahjomri
c0tq,Ye Chen
m0bw,Ye Cong Mo
h0jb,Ye Hongyu
j09j,Yeong-Seok Jeong
j0e8,Yeonsu Jeong
z0cq,Yi Zhou
wb32,Yibing Wu
i0cd,Ymerali Ibraimi
p0o3,Yong Joon Park
n732,Yoshihito Nishioka
s1c0,Yoshka Sborowsky
wb08,Yosuke Watanuki
l0ck,Younes Lalami
k0d6,Yousaf Khalil
o674,Yshai Oliel
h09f,Yu Hsiou Hsu
t0is,Yu Tanaka
t0ix,Yua Taka
ki64,Yuhei Kono
i416,Yuichiro Inui
m0b2,Yuki Mochizuki
ch90,Yun seong Chung
y09v,Yunchaokete Bu
j0cw,Yunseok Jang
j0ak,Yuquan Jin
db32,Yurii Dzhavakian
k0cv,Yusuf Khamis
k0es,Yusuke Kusuhara
tf58,Yusuke Takahashi
y276,Yusuke Yoshikawa
k0ak,Yuta Kawahashi
k0ez,Yuta Kikuchi
s0aq,Yuta Shimizu
t0j8,Yuta Tomida
o0e1,Yuto Oki
c0e6,Yuttana Charoenphon
h0m7,Yuya Hirose
s0yi,Zach Stephens
s0k7,Zachary Svajda
s19y,Zane Stevens
n0gn,Zangar Nurlanuly
kh56,Zdenek Kolar
l0c4,Zekai Li
z0cv,Zhan Zheng
l733,Zhe Li
s1aa,Zhengyu Sun
d0c3,Zhenxiong Dong
z371,Zhizhen Zhang
m0hl,Zhou Mingzhou
s1aj,Ziga Sesko
bu13,Zizou Bergs
l0jo,Zoran Ludoski
p09o,Zsombor Piros
v0e1,Zsombor Velcz
t0ag,Zura Tkemaladze
m0td,thomas Menzel
